:020000041000EA
:1000000000B5324B212058609868022188439860DF
:10001000D860186158612E4B002199600221596106
:100020000121F02299502B49196001219960352056
:1000300000F044F80222904214D00621196600F024
:1000400034F8196E01211966002018661A6600F04E
:100050002CF8196E196E196E052000F02FF8012189
:100060000842F9D1002199601B49196000215960AB
:100070001A491B48016001219960EB211966A021F2
:10008000196600F012F800219960164914480160C1
:100090000121996001BC002800D000471248134993
:1000A000086003C880F30888084703B5996A0420EC
:1000B0000142FBD001200142F8D103BD02B5186610
:1000C0001866FFF7F2FF186E186E02BD00000240BE
:1000D000000000180000070000035F00212200005C
:1000E000F4000018222000A00001001008ED00E03C
:1000F00000000000000000000000000074B24E7A12
:1001000000200420F7010010CB010010CD010010E9
:10011000C9010010C9010010C9010010C901001077
:10012000C9010010C9010010C9010010CF01001061
:10013000C9010010C9010010D1010010D301001045
:10014000C1010010C1010010C1010010C101001067
:10015000C1010010C1010010C1010010C101001057
:10016000C1010010C1010010C1010010C101001047
:10017000C1010010C1010010C1010010C101001037
:10018000C1010010C1010010C1010010C101001027
:10019000C1010010C1010010C1010010C101001017
:1001A000C1010010C1010010C1010010C101001007
:1001B000C1010010C1010010C1010010C1010010F7
:1001C000EFF30580103800BE00BE00BE00BE00BECA
:1001D00000BE00BEF2EB88711CDF001040DF001093
:1001E0003802001090A31AE700201E49086006C8D4
:1001F00081F3088810471C480068002801D00020BF
:10020000F3E70DA40ECC002902D000F012F8F9E7B4
:100210001649174A002000E001C19142FCD115495E
:100220008847154988471549884700BEFDE701C939
:1002300001C29A42FBD3704740DF0010C00000208B
:1002400020440020A022011000000420000004200F
:10025000A022011000100420001004200000000063
:100260007047000008ED00E0000000D020440020AE
:10027000F07A0220C59F00108D550010BD9F001020
:10028000F0B5DE464E4645465746E0B5BC4C060046
:10029000A544140080220D009200002110A808F04F
:1002A000A3FA2022002108A808F09EFA002C10D002
:1002B0000022002390469146934692460292009275
:1002C0000192EA5C591C89B2FE2A11D14A1CA24251
:1002D00032DB2223F35C5A1E9341C422B354912390
:1002E0009B009D44F0BCBB46B246A946A046F0BD6B
:1002F00003231340032B27D05818A042E9DC002B1E
:1003000042D0685C022B3DD16B185B781B0218430E
:1003100002231709CB181207920F9BB2012A2CD087
:10032000022A33D0002A04D1082F3BD00022914664
:100330009046A342C5D3CCE76A5C03339BB29B18BB
:10034000A342C6DC9BB2F4E70B1DA342C1DC6B18D1
:100350009C4658786B5C0002184363469B781709EB
:100360001B0403436046C0781207000618430423A9
:10037000CB18920F9BB2012AD2D1002F2BD182B27F
:100380000192D6E70123C4E70020C2E7002F2BD15A
:1003900049460F29CDD84A1C08AF4900D2B2914630
:1003A000C853C6E75A462027510008AAD2191F3F52
:1003B000BC46525A074202D1019F0C2F19D0574612
:1003C000009878432027121808A8C019425200222A
:1003D00091469046ADE7072F3DD0082F38D0092F22
:1003E000A7D1C2B29246A4E7012FA2D1B84602908B
:1003F0009FE7009F013F0F2FE1D802270740049796
:10040000022707422AD12220375C80460F2FD6D8F8
:10041000781C03974746F055039FB800C01924275E
:1004200040008146B846B144C844474658463870F3
:100430004846C28428208046C8444046009F077032
:100440004F4604987885484667462C300770B6E7D3
:10045000C2B293466DE7C2B200926AE750460028E6
:10046000ADD022204746305C002F56D008AF05970C
:100470000027B44604911E00059906943B00140021
:10048000039205952DE0029AD518ADB2B62D2FD95D
:100490002A00CD3A92B21D2A2CD83A4FD7403A00C2
:1004A000012717422ED0A84662462225471C5755E1
:1004B000820010184000604402005D460797009FCC
:1004C00024321570C48417714246428500222C30B4
:1004D00001330270DAB2E4190231524516D26A468B
:1004E000107F0F2812D8DAB24A45CCD20D88CDE75A
:1004F000B42DD8D80133DAB2924507D9009D023124
:100500006419F1E7DB19DAB29245F7D83300039AA0
:1005100066460499059D069C51E708AF039700279E
:10052000BC46370004930694634690460E001400C0
:10053000BC4605950F285ED86246B446060004986E
:10054000994521D80133DBB2534511D04146009D76
:10055000491988460399023103914146009D0133B0
:10056000491988460399DBB2023103919A45E7D1D4
:100570001600030022006146059D069C1FE7C04649
:10058000BCFDFFFF0100203003990D88B62D2FD947
:100590002900CD3989B21D29DFD81A4FCF40390043
:1005A00001270F42D9D00490300066469446222796
:1005B0006146421CCA5507928200101840006044F0
:1005C000020059464746243211700099C7841171C0
:1005D000002245852C300270039A01337F180232C5
:1005E000DBB2B84603929A4505D06A46107FA1E770
:1005F000B42DB2D9D7E722003100049B6646059D91
:10060000069CDCE601002030274B10B5196882B04B
:100610008B005B1825499B005B18254901900968F0
:1006200001AAC0B2002938D0224900041C686040E9
:100630000140802040011B1819601F4B19688B0076
:100640005B181A499B005B1851788C461B49096856
:10065000002926D0614609048C461649644618686C
:1006600060400140802040011B181960144B9078B5
:100670001968144A8B005B1812680C499B005B18C0
:10068000002A0CD00B4A0004196841400A4080211E
:1006900049015B181A6002B010BD0B49C6E70A4A4F
:1006A000F2E70949DAE7C046107302200C00054062
:1006B000384F00200000FFFF0C730220344F002051
:1006C00008730220304F0020FFFF000070B5534B2D
:1006D00082B01B78002B06D1514A524B12781B78FE
:1006E0001A43141E01D002B070BD4F4B1A784F4B05
:1006F0001B789A42F7D14E4A1368C31A132BF2D9CA
:100700004C4B10601A78002A07D0C8214A4A890049
:100710001268821A8A4256D31C70484B1B78002BF1
:1007200062D0474B1B784A2B16D8312B63D8182B35
:1007300066D800220026FF25FF24424B1B78022B9F
:100740001AD00DD8002B0ED000236A4693809371E7
:100750000198FFF759FFC6E7FF260025FF22ECE7C7
:10076000033B012BF0D86B465A7000221C709A7024
:100770000098FFF749FFB6E7334B34491B68C01AAE
:1007800007F000F9324B994201D9304B591A08024F
:10079000401A304907F0F6F82B0043430400FF21CC
:1007A000180007F0EFF86B4618713000FF21604326
:1007B00007F0E8F86B466A46587100239371019878
:1007C000FFF722FF8FE71000642107F0DBF8012319
:1007D0001A000240034218D101AB1A80FF229A701E
:1007E0000198FFF711FF7EE701AA1380937001982B
:1007F000FFF70AFF77E7FF26FF25FF22FF249CE78C
:100800004B26FF254B22FF2497E7002201AB1C80DB
:100810009A700198FFF7F8FE65E7C046E87A022073
:10082000E57A0220DD7A0220EB7A0220EC7A0220BF
:100830003C540220DC7A0220706E0220B37A02203F
:10084000B27A0220B07A02202C4E002094110000CF
:10085000C9080000CA080000F0B5DE464E4645460D
:100860005746E0B5BC4C0600A544140080220D009C
:100870009200002114A807F0B7FF202200210CA845
:1008800007F0B2FF01230AAA5B420A939380002C6F
:1008900028D00021002000238B468946B2460190D3
:1008A000069000900390029004900590E85C5F1C15
:1008B000BFB2FE281FD1781CA04250DB49465646E5
:1008C00000290FD0118853880B40A4498B4209D0CE
:1008D00058460AA928314300CB5A0733DB08591E72
:1008E0000F292ED995239B009D44F0BCBB46B246F0
:1008F000A946A046F0BD03230340032B37D0DE19E1
:10090000A642DBDC002B52D0EE5DB446022B4CD16C
:10091000EB195B781B021E43B44602230109FB1846
:100920000007800F9BB2012839D0022842D000284E
:1009300004D109294CD0002000900190A342B5D3E6
:10094000BCE7C52170540131735433000A99C83390
:10095000196092889A80CE230122F254C2E7E85DA2
:1009600003339BB21B18A342A8DC9BB2E6E73B1DF6
:10097000A342A3DCEB1919005B78EE5D1B021E435A
:100980008B781B043343CE78010936061E430423BB
:100990000007FB18B446800F9BB20128C5D100297F
:1009A0007CD1614689B20591C8E70123B6E70021F1
:1009B0008C46B3E700297CD100990F29BED8664642
:1009C000481C4F000AA90831CE53C1B20091B5E7C7
:1009D0006646039847000AA82830C05BF10752D446
:1009E000614689074FD5059908294CD104990129F9
:1009F00049D10299002946D00199002900D1AFE0E0
:100A00000099002900D1A4E0029EB4468E4200D98C
:100A10008C466146C9B20E000CA9079100210896C8
:100A2000884656464946A4469A4609950CE0039CDA
:100A30005C4513D04346079C013302340794089C5D
:100A40009846DBB29C4244D9079B1B88013B9CB271
:100A5000022CEFD80029EAD103998B46590043466E
:100A6000C31853520199E5E7C246042101980133A6
:100A7000029C0131DBB289B29C423ED853466446A7
:100A8000B246814600980499029E4E430AA9283135
:100A90008019C8530021009101914FE7072914D014
:100AA00008290ED0092900D048E76146C9B2029151
:100AB00044E7012900D041E76146069101210191F7
:100AC0003CE76146C9B2039138E76146C9B2049177
:100AD00034E78946089953466446B2468C46009EE0
:100AE0000299099DB142CED90699564661449A466B
:100AF000009063464846A44689B24C1EA046A4B264
:100B0000022CB4D8002877D1039883464046400091
:100B10008146009C0698241AA046884440464C46CC
:100B20001053581C029CC0B2A04263D2032959D072
:100B30000300D046013189B2039858454ED00133A5
:100B40000298DBB2984242D9481C03298CD081B26A
:100B5000F2E78C46C8E7C046ACFDFFFFFFFF000090
:100B6000009900298FD0029EB4468E4200D98C464F
:100B70006146C9B201910CA9009100219C468846AA
:100B80005646494607950894009B1B88013B9CB23A
:100B9000022C08D8002916D103998B4659004346E8
:100BA000C318535201214346009C01330234009480
:100BB000019C9846DBB29C42E6D889466346B24621
:100BC000079D089C5FE7039DAB45ECD1E6E74346F4
:100BD0000199B24664468946009854E7481EC246C9
:100BE000804693E702330299DBB2994202D905218C
:100BF00001983CE75346EBE7D0469DE780231C4A2B
:100C00009B01116870B54B40E021C9010B401949A7
:100C10000B600421184B1960FC3113680B42FCD0A7
:100C200080214020002504265368134C104A4900B7
:100C3000266013680B42FCD0536801381B041B0C60
:100C4000C0B2ED180028F3D10C482035AD09684337
:100C50000B4B0C49C01806F095FE0B4BC2180B4B02
:100C60009A4204D900200A4A13680133136070BD08
:100C700000C0044000D0044000E0044067260000AB
:100C8000FF070000FF0F000010F5FFFFAA0500009E
:100C9000104E0020030070B504281FD0032803D095
:100CA0001C4A1278002A24D100221B4C0020A25694
:100CB0002578002A00DA70BD184A10787F22401982
:100CC0000240D0008018164A8018037008220130B4
:100CD00007F090FD6B1C01202370ECE711480822FF
:100CE0000370013007F086FD01220F4B01201A70BE
:100CF000E1E700220D4C0020A2562578002ADADB1D
:100D00000B4A10787F2240190240D0008018094A0F
:100D1000DAE7C046DB7A0220E57A0220E67A022092
:100D200028730220204E0020B57A0220DD7A0220AE
:100D3000DE7A0220786E02200022234B70B51A70F2
:100D4000224B1B78002B05D0214B01781D001B780E
:100D5000994211D006F004F8002908D0FA220023A5
:100D6000920006F04DFE1B4B1430186070BDFA2146
:100D7000890006F007FEF6E7C3781C1EEAD181223F
:100D800000200BF049FD144B1C7005F0E9FF002911
:100D900014D0FA220023920006F032FE0F4B1860A6
:100DA0000F4B1B781C00032BE0D8190028780AF0A1
:100DB000BFFD01220B4B50401855D7E7FA2189009F
:100DC00006F0E0FDEAE7C046CD7A0220CC7A0220A8
:100DD000CA7A022038540220CE7A02201C54022003
:100DE000CB7A022014540220F0B54F46D646464630
:100DF000C0B59A46089B1F0A089B1B0C9846089B87
:100E00001B0E99461E4B1B78002B27D100231D4C2F
:100E1000E3562578002B04DAE0BCBA46B146A84672
:100E2000F0BDAC46184B1B789C4466467F2333408C
:100E3000DE00B4469C44154B6344DA7013265246D8
:100E40001E70587099701A71089A9F715A714246B3
:100E5000DA714A461A726B1C2370DDE700230C4CD2
:100E6000E3562578002BD7DBAC460A4B1B789C4415
:100E700066467F231E40B446F3009C44064BDBE7E6
:100E8000DB7A0220E57A0220E67A0220287302202B
:100E9000DD7A0220DE7A0220786E0220F0B5574615
:100EA0004E464546DE46E0B5C7B0060007794579AF
:100EB00005F056FF002928D0FA220023920006F000
:100EC0009FFDB44BB4491860B44BF4781A78002AEB
:100ED00027D1B34AB348944601220C701A700770A8
:100EE000102F2BD0172F00D199E2AF4A1378002B87
:100EF00068D063461D703B00113BDBB2052B00D967
:100F00006EE2AA499B00CB589F46FA21890006F061
:100F100039FDA04BA0491860A04BF4781A78002A3C
:100F2000D7D00A789F489046A24237D09C4A0C708E
:100F30009446012207701A70102FD3D1727A317A39
:100F400012020A43B17AB37909041143F27AF079B3
:100F500012060A4361460D70012B00D050E20128B1
:100F600040D1130092490A3BFF3B8B4200D872E20A
:100F70000321904B0320197000218F4B19708F4B68
:100F800029001A60009200232200FFF72DFF47B0CE
:100F9000F0BCBB46B246A946A046F0BD0278BA42B4
:100FA000C4D17F4A94461278AA4295D18149824B96
:100FB000087882491B780968424600912900FFF7AA
:100FC00013FFE4E76246092115707A4A092011707F
:100FD000794A29001370794A136022000093FFF7C1
:100FE00003FFD4E70822734B29001A700022724BCA
:100FF0001870724B1A600300009208202200FFF75D
:10100000F3FEC4E700236E496E480B606E4903800F
:101010000B606E4914200B606D490B60002111704C
:101020006C4A11706C4A11706C4A11706C4A1070E5
:101030006C4A073811705F4A10705F4A11705F4A3E
:101040002900136022000093FFF7CEFE9FE7624B5A
:101050001B78002B00D127E2EC22FF210BA807F020
:10106000C3FB614B06AF0693604B012007938123BE
:101070009B013B81524B39001B680126FB60524BA0
:101080005B4A1B68BD729846FC723B6140420B781C
:1010900001314340580833405B42134058404308F5
:1010A0003040404210404340580833405B421340B8
:1010B00058404308304040421040434058083340B5
:1010C0005B42134058404308304040421040434088
:1010D000580833405B421340584043083040404278
:1010E000104058400BAB8B42D1D1C3437B610423EA
:1010F00040485B42BB610CF0D7FB002800D0AEE358
:1011000005222C4B29001A702B4B013A1A70002231
:101110002A4B05201A60009204232200FFF764FE88
:1011200035E7F37AB27A1B0213438122920193428C
:1011300000D0CBE1254B1B68002B00D192E20A21A5
:101140001C4A0A2011701C4A093911701B4A2900D7
:101150001360009322000123FFF746FE17E71B4BA5
:101160001E681C4B1B78002B04D0154B1F68B74220
:1011700000D1EDE10A220F4B29001A700E4B073AFD
:101180001A700E4B22001E600A2003230096FFF700
:101190002BFEFCE66C6E0220C37A0220C47A022089
:1011A000C77A0220C27A0220C87A0220F0D9001041
:1011B000F70E0E00C67A0220C57A0220A04F00204A
:1011C000A4500220A67A02209C4F0020884F0020C5
:1011D0008C4F0020BF7A0220C07A0220C17A022000
:1011E000BC7A0220BA7A0220544F4B570100010109
:1011F0002083B8ED00F03F00C54F3B689946C54BD2
:101200001B78002B00D171E1C34B1A78002A00D063
:101210006CE1C249F07A0B780133DBB2834200D033
:10122000E7E30B70BE4B48461B6898464B4501D818
:1012300000F031FCBB490A888A46531C9BB20393D9
:101240000B80B379B8498B54421C02923A608022D9
:10125000039B52008B469446934200D11FE2029BAF
:10126000434500D3A7E050465A4601884B1C9BB229
:101270000380F07950544A46911C029139606345CD
:1012800000D04FE28021A94B490304931B68C91881
:10129000059303911B0505D108000CF005FB002800
:1012A00000D1E7E3594603980CF046FB002800D133
:1012B000CBE3059B049A0133FF33136052460023AE
:1012C00064201380029B4146584306F05BFB0221D9
:1012D000974AC3B21170974A02981370964A290030
:1012E0001060009022000220FFF77EFD02988045EA
:1012F00061D951460B885A1C0A805946327ACA5421
:101300004B46033303933B600398404500D3ACE363
:1013100051460A88531C9BB20B809C465B46717AEF
:101320009954421C02923A6080225200944500D0A7
:1013300050E280217D4B490304931B68C918059333
:1013400089461B0505D108000CF0AEFA002800D133
:1013500090E3594648460CF0EFFA002800D174E3B8
:10136000059B049A0133FF33136052460023642027
:101370001380029B4146584306F004FB02216C4A4D
:10138000C3B211706B4A029813706B4A2900106047
:10139000009022000220FFF727FD029B43450AD25E
:1013A00051460B885A1C0A805946B27ACA54039B8C
:1013B000023302933B60029A904500D0E7E5022297
:1013C0005B4B29001A705B4B62321A7042465A4BD3
:1013D00002201A60009264232200FFF705FDD6E583
:1013E0000822534B29001A700022524B08201F700C
:1013F000514B1A6000923B002200FFF7F5FCC6E556
:1014000007214B4A0720117000214A4A13704A4AAB
:101410001160009122002900FFF7E6FCB7E5634662
:101420001D70B379012BEBD1F379012B2DD1434BF7
:10143000434A1968914200D170E200233C4A2900D6
:1014400013703C4A002013703B4A13602200009343
:10145000FFF7CAFC9BE500233A4914270B602C498F
:10146000304E0B60314933800B600021294E3170C2
:10147000294E3170294E3170334E3770284E32600C
:10148000324A107002202A4AD6E50821284A08204C
:1014900011700021274A1370274A11600091220021
:1014A0002900FFF7A1FC72E50A21194B0A201A68EE
:1014B0001F4B19701F4B063919701F4B29001A60FA
:1014C000009204232200FFF78FFC60E50721184AF1
:1014D000072011700021174A1170174A2900136064
:1014E000009322000023FFF77FFC50E50A22104BF7
:1014F00029001A700F4B083A1A704A460E4B0A2000
:101500001A60009202232200FFF76EFC3FE5C046FE
:10151000884F0020BF7A0220C07A0220C17A0220C0
:10152000A4500220A67A0220A44F00208C4F002055
:10153000C67A0220C57A0220A04F002000F03F109A
:10154000544F4B579C4F0020BC7A0220C87A02208F
:10155000E04B9A461B889846002B20D0FF2B00D9E1
:101560006EE28022DC495200D21A8B46C81892B231
:10157000FF2107F039F98020D84B400302931B6804
:101580005946C01899460CF0D7F9002800D146E218
:101590004346029A4B441360002352461380E022D4
:1015A000CF4B12061B689B188422D202934200D9AB
:1015B0007EE10122CB4B1B681A4200D178E19343B4
:1015C000C94A9B18C94A934200D971E101235B4281
:1015D000002F33D0C64B01201E00FF180123C54940
:1015E0005B423278013653405A0803405B420B405D
:1015F0005A405308024052420A4053405A0803409E
:101600005B420B405A405308024052420A4053404A
:101610005A0803405B420B405A4053080240524272
:101620000A4053405A0803405B420B4053405A085B
:1016300003405B420B405340B742D2D1DA43AE4B3A
:101640001968914200D11BE20420AC4BAC491870E0
:1016500000230B70AB490A60009229002200FFF7BB
:10166000C3FB94E4F279B17912020A43317AA248B9
:1016700009041143727A12060A4301210260A24A48
:10168000022011709D4A013111709D4A290013708A
:101690009C4A136022000093FFF7A6FB77E48021A9
:1016A0008E4B490304931B68C918059303911B05CE
:1016B00005D108000CF0F8F8002800D1DAE159460D
:1016C00003980CF039F9002800D1BEE1059B049A7B
:1016D0000133FF3313605246002364201380029BC2
:1016E0004146584306F04EF90221844AC3B21170B4
:1016F000834A02981370834A2900106000902200E8
:101700000220FFF771FB029B434500D353E651468D
:101710000B885A1C0A805946F279CA544B46023348
:1017200002933B600298404500D344E651460A8844
:10173000531C9BB20B809C465B46317A9954421CE9
:1017400003923A6080225200944500D0DCE580216B
:10175000624B490304931B68C918059389461B050E
:1017600005D108000CF0A0F8002800D180E159460E
:1017700048460CF0E1F8002800D164E1059B049A8A
:101780000133FF3313605246002364201380039B10
:101790004146584306F0F6F80221584AC3B2117088
:1017A000574A03981370574A29001060009022008E
:1017B0000220FFF719FB039B434500D356E1514636
:1017C0000B885A1C0A805946727ACA54029B02330B
:1017D00002933B600298404500D3ECE551460A88ED
:1017E0000130531C9BB20B80B17A5E46B15480220B
:1017F000029038605200934200D0DCE5374B1E68FF
:10180000049380235B03F718330505D138000CF0EF
:101810004BF8002800D12DE1594638000CF08CF827
:10182000002800D111E1049B0136FF3652461E60AC
:1018300064200023029E41461380704306F0A2F804
:1018400002212E4AC3B211702D4A290013702D4A6D
:101850000220166022000096FFF7C6FAABE53900B9
:101860002A480CF069F8002800D149E40B22234BE8
:1018700029001A70224B59321A704246214B0B2014
:101880001A60642300922200FFF7AEFA204B1E700C
:1018900005F066FA002900D1BCE0FA22002392008C
:1018A00006F0AEF81B4B1C4AC0181060FFF76FFB28
:1018B0000722124B29001A70114B063A1A700022A7
:1018C000104B07201A60009201232200FFF78CFAC8
:1018D000FFF75DFBA67A0220A44F00208C4F00206A
:1018E000000110100401101000FFFFEFFFFE0F00B9
:1018F000000010102083B8ED9C4F0020C67A022013
:10190000C57A0220A04F0020BF7A022000F03F00DD
:10191000BA7A0220DC0500007C4F00209A88012A58
:1019200000D08AE59A79012A00D086E5DA79012A81
:1019300000D082E5812219899201914200D07CE594
:10194000DB68564A0A3BFF3B934200D975E5544891
:101950000123A446012104004669524A524F5B42CA
:10196000207801345840430808404042104043402A
:1019700058080B405B42134058404308084040421F
:101980001040434058080B405B4213405840430806
:10199000084040421040434058080B405B4213400F
:1019A00058404308084040421040434058080B400C
:1019B0005B4213404340BC42D2D1DB4364469E426B
:1019C00000D03AE5364A9369043300D035E50C215E
:1019D000364B126919700021354B0C201970354BAC
:1019E00029001A60009200232200FFF7FDF9FFF79B
:1019F000CEFA02212D4B022019702D4B29001A70AE
:101A00004A462C4B1A60009200232200FFF7ECF9A3
:101A1000FFF7BDFAFA21890005F0B4FF42E705227D
:101A2000224B29001A70224B023A1A70214B2200D5
:101A30001E60052003230096FFF7D6F9FFF7A7FAEB
:101A40001D4B9B4697E5039B02930520174B184AB5
:101A50001870022313700299164A11600091220037
:101A60002900FFF7C1F9FFF792FA039B0293A2E462
:101A7000039B029305200D4B0D4A18700123E9E7E3
:101A8000012206200D4B1A70084B094A1870642376
:101A90001370084AE1E702908DE4C046F7FE1E008D
:101AA00000F03F102083B8ED14F03F10C67A0220FA
:101AB000C57A0220A04F0020A44F0020C07A022047
:101AC000F0B5D0258026070087B06C460C22002197
:101AD0002D06B602684606F087FE02200021AE61A0
:101AE00004F00CFF0C236A46390025480BF0E4FE95
:101AF0000220002104F002FF224A6E6113680020D8
:101B00000133136023785A2B01D007B0F0BD6378FE
:101B1000032BFAD16A4603AB23CA23C3A378022B53
:101B200028D0012B18D16279134215D0164BE178D9
:101B300018782579A279002810D114480270144A27
:101B4000117001221A70072312492B400878834232
:101B500002D00B70104B1A700120D6E70B480478A6
:101B60009442EBD10A4A1078081A40B20028E7DC08
:101B70000120CAE703A8A373FFF790F90120C4E787
:101B800000C00340D8770220E27A0220E07A0220E7
:101B9000E17A0220D27A0220D47A022030B5144BA6
:101BA00085B001AC23800323124AA3701378200070
:101BB000591CE37002230293002311700393FFF773
:101BC0007FFF0D4B0D4A9B6A136000280ED10C4A13
:101BD000643323CC23C201210A4A11700A4A1170CE
:101BE0000A490A6801320A60094A136005B030BD2B
:101BF000A5030000E47A022000400540AC770220F3
:101C0000B8770220E87A0220E77A0220B077022033
:101C1000B4770220F0B55746DE464E464546E0B55D
:101C2000E44BDDB00B93E44B59AC1993E34B0F93AA
:101C3000E34B9B46E34B0693E34B1093E34B189324
:101C4000E34B1C93E34B1D93E34B1793E34B099337
:101C5000E34B0893E34B1E93E34B1F93E34B20931B
:101C600056AB9946E24B0E93E24B2593E24B2693FB
:101C7000E24B0793E24B1A93E24B1B93E24B219307
:101C8000E24B0A93E24B9A46E24B1293E24B1393D8
:101C9000E24B1493E24B0D93E24B1193E24B2793EB
:101CA000E24B2993E24BE34F9846E34B0493E34B1B
:101CB0000593E34B2E93E34B2A93E34B3C93E34B87
:101CC0004593E34B3D93E34B4693E34B4193E34B07
:101CD0003193E34B4A93E34B3F93E34B2893E34B1E
:101CE0004293E34B2D93E34B4F93E34B5093E34BE2
:101CF0004B93E34B2F93E34B3993E34B3793E34BF6
:101D00003B93E34B3293E34B3593E34B3493E34BF9
:101D10004393E34B3093E34B4793E34B4893E34BBD
:101D20004093E34B3693E34B3393E34B4993E34BBD
:101D30003E93E34B5193E34B5293E34B4493E34B7A
:101D40005393E34B2C93E34B3A93E34B4C93E34B8A
:101D50004D93E34B4E93E34B2B93E34B3893434626
:101D6000D846BB46039305F0ADFB57465E46039A43
:101D700033781278DDB2934200D14EE2BFF35F8F29
:101D8000A9004919049B490049190B222000591840
:101D900006F030FDBFF35F8F3F2301351D403570E6
:101DA0002578052DE3D8059AAB00D3589F46607976
:101DB000532801D101F030FCA379532B01D100F05D
:101DC000A0FFE379532B01D100F09BFF237A532B23
:101DD00001D100F096FF637A532B01D100F091FFFF
:101DE00002239A460023A27A0C93532A01D100F0D1
:101DF00088FF392801D100F09BFFA279392A01D14F
:101E000001F0CBF9E279392A01D101F0C6F9227A41
:101E1000392A01D101F0C1F9627A392A01D101F0E0
:101E2000BCF9A27A392A01D101F0B7F9472801D1CA
:101E300001F0C7F9A2799246472A01D100F008FFC4
:101E4000E279472A01D100F003FF227A472A01D123
:101E500000F0FEFE627A472A01D100F0F9FEA27A74
:101E6000472A01D100F0F4FE0B9A0C9B1370042852
:101E700001D100F00CFF5346042B01D101F0C3F94E
:101E8000E3799C46042B01D101F05FFC237A042BFB
:101E900001D101F085FA637A042B01D101F080FAB7
:101EA000A37A043B5A425341DBB20C93072801D179
:101EB00001F07CFA5246072A01D101F0A7FCE27931
:101EC0009446072A01D101F0D9FC227A072A01D1D0
:101ED00001F09AFA627A072A01D101F095FAA27A02
:101EE000073A51424A41D2B21A2801D101F091FA7F
:101EF00051461A2901D101F092FCE1798C461A2948
:101F000001D100F0EAFE217A1A2901D101F092F9FB
:101F1000617A1A2901D101F08DF9A17A1A390B00E1
:101F200059425941CBB21593162801D100F0E5FE74
:101F30005046162801D100F0E0FE6046162801D177
:101F400000F0DBFE207A162801D100F0D6FE607A80
:101F5000162801D100F0D1FEA07A163803005842AD
:101F60005841C3B216930D980078002801D000F0B4
:101F7000FAFC0C9B002B01D101F0F5F8002A01D1ED
:101F800001F0A2F9139B1B789A46042B01D101F0B2
:101F900014FF0723139A1370159B002B01D100F037
:101FA0004FFE169B002B01D101F05EFA07239A46E3
:101FB00000F07BFDD57A0220D27A0220D47A02206A
:101FC0006C6E0220DB7A0220DF7A0220683D00205E
:101FD000D77A0220784F0020E27A0220A87A0220E5
:101FE000D87A02202454022020540220D07A0220E1
:101FF000DD7A0220DE7A0220786E0220E57A022065
:10200000E67A022028730220A47A0220B97A0220FC
:10201000646E02205C6E0220AC7A0220AD7A02204F
:10202000DA7A0220D97A0220D4770220704F002079
:10203000EB7A0220EC7A0220E077022008DA001026
:10204000AC770220E87A0220E77A0220247302208B
:10205000B8770220B0770220B4770220B57A022048
:10206000204E0020E97A0220C87A0220746E0220F5
:10207000B77A0220DC7A0220706E0220D37A022026
:10208000B07A0220144E0020B37A02200C4E0020B9
:10209000044E0020084E0020B67A0220B27A0220B8
:1020A000B17A022058440020AF7A0220AE7A022092
:1020B000A27A02202C4E00201C4E0020184E002038
:1020C000BCDB0010B47A022054540220A87702200E
:1020D000BA7A02207C4F0020A4500220804F0020BA
:1020E000BB7A0220BC7A0220844F00200822002103
:1020F000484606F079FB04F033FE002900D1DCE30A
:10210000FA220023920005F07BFC43461860069BF0
:102110001B785A1E012A00D8DBE3002B00D0DBE33A
:10212000079B1D781B785BB2002B12DB7F231A9A6A
:1021300049461278AA181340D800C01801231B9AE8
:102140000135101803700822013006F053FB079B7D
:102150001D70089B1B78002B03D0099B1B88002B4C
:102160003DD004F0FDFD002901D100F036FEFA2239
:102170000023920005F044FC43461860069B1B7840
:102180005A1E012A01D800F035FE002B01D000F0C4
:1021900034FE0022079DAA562978002A01DA00F0B1
:1021A000E4FD7F201A9A12788A181040C200121893
:1021B0001B98013182180220537010709370D370F5
:1021C000137153719371D371137229700023099A9B
:1021D0001380089A0133137000230A9A137008229F
:1021E0000021380006F000FB08220021129806F0BA
:1021F000FBFA0023139A1370149A13700D9A13703C
:10220000119A13700F9A1370179A1370039A3378F8
:102210001278DDB2934200D0B0E50A9BBA461B7833
:10222000B346002B01D001F09FFA089B1B78002BCE
:1022300001D001F041F9069B1B78012B6BD82E9B36
:102240002A991A680B78002B11D0D74DAB6A9B1ACC
:10225000632B60D93C980378072B01D801F090FEDE
:1022600000230B70459903700B6801330B60CE4B54
:102270009B6A9B1A952B4ED9079B1A78002A01D18D
:1022800001F06DFD1A991B9D0978013AC8004018AC
:102290002B182D5C587801310C9018799E78844663
:1022A0005879DF78229098791690D8791590187A15
:1022B0007F230B401A990B70079B1A703F990B787C
:1022C0005A1C0A703D99B94AC8720A800C9A0800D3
:1022D0000A716246CA71229ACB700A72169A8D7080
:1022E0004A72159A4E718A728F71FFF7E9FBAE4BF5
:1022F0002E9A9B6A1360002200280AD13C99013271
:102300000A70469964330A6801320A60419A136080
:1023100001222A9B1A70289B1B78002B00D016E103
:1023200004F01EFD002901D101F025FBFA22002353
:10233000920005F065FB069B1B78022B01D101F092
:1023400024FB289A12781592012B01D101F052FC3E
:10235000032B01D101F03DFD43461B68C01A944B8D
:1023600098423BD9119B1B78002B06D0129A136818
:10237000002B33D15368002B30D1089B1B78002BE6
:1023800003D0099B1B88002B28D14B9B1B78002B6B
:1023900024D12A9B1B78002B20D1079F0E9B3A78D3
:1023A0001E7816431AD10125319B25601E702D9B86
:1023B00066601D701A9B21001A787F231340D80095
:1023C000C0181B9B0822181803230370013006F065
:1023D00011FA069B3D701D70109B1E70159B002B03
:1023E00000D0B4E004F0BCFC002901D101F0DCFA1B
:1023F000FA220023920005F003FB0600FA222F9B2D
:1024000039991F780B689200F31A934201D201F0B8
:10241000DCF80E60FEF7F2FB051E01D101F0D5F8E5
:10242000379B1B780C93002B01D101F093F8002F00
:1024300001D101F0BFFD3B990A6853009B181D189C
:102440005C4BAD080D609D4201D801F048FE5A4B2F
:102450009D4201D901F0C3FF6420584B5849EB1845
:10246000584305F08FFA439B479A187048980378B1
:102470009C46990053585550614616930F230131DD
:102480000B40037002D1409A01331370499B1B68C3
:10249000F31A01D501F08FFA329B1868002801D198
:1024A00028001D60359A1368002B01D001F0D7FD7C
:1024B000409B15601B789C46002B01D101F0E0FE8B
:1024C000169BE91A2B00022F01D101F0E5FF032F23
:1024D00001D101F060FB012F01D001F075FA364BFC
:1024E0009D4201D901F0FBFF2B1A092B00DDB8E159
:1024F0006246002A00D0B1E1002234998A56002BAE
:1025000001DB02F083F80723434332985B19DB08B1
:102510000360002A01DD013A0A70309B30001D780B
:10252000FEF7D4F8002D00D0BBE13E9B254A1B6886
:10253000F31A934201D801F068F801232D9A137021
:1025400043461B68F31A312B01D901F0ABF804F0B4
:1025500007FC002901D100F060FFFA22002392005D
:1025600005F04EFA069B1B78022B01D100F05FFFAD
:102570002A9A1178289A1278002A01D101F0C1F91B
:10258000002921D1079A127813431DD1319B1B7862
:10259000002B19D1044B2E9A9B6A12689B1A952B1B
:1025A00001D901F0D8F90FE000400540A503000073
:1025B000DF930400EA0B00005D10000016F4FFFF3B
:1025C000740400001F4E00002C9B1B78002B26D0AB
:1025D00004F0C6FB002901D101F0C1F9FA22002361
:1025E000920005F00DFA3A9B1B68C31A17D42A9B78
:1025F0001B78002B13D1079B1B78002B0FD1319B2D
:102600001B78002B0BD14C9A4D9912680A60BFF3CE
:102610005F8F01224E990A702C9A137040BF2B9B3A
:102620001B78132B18D804F09BFB002901D101F073
:102630009CF9FA220023920005F0E2F9389B1B680E
:10264000C31A09D4BC4ABD4B1168994201D101F0AB
:10265000F1FA14232B9A1370289B1B78002B01D0BE
:10266000FFF781FB039B1A785B461B789A4201D0E7
:10267000FFF779FB079B0E9A1B781278134301D062
:10268000FFF771FB319B1B78002B01D0FFF76BFB31
:102690000A9B1B78002B01D0FFF765FB2A9B1B7858
:1026A000002B01D001F078FD04F05AFBFA22002340
:1026B000920080185941002902DA0120A0494042C5
:1026C00004F0B8F8FFF74FFB04F04AFB002900D1F3
:1026D000EEE0FA220023920005F092F943461860DA
:1026E000069B1B78013B012B02D80123109A137023
:1026F0000023179A0999137000220B8008991998E2
:102700000A70012101700B990A700F990A701E9AC4
:10271000136004F025FB002900D1FDE0FA2200231C
:10272000920005F06DF91F9B209A1860002313702A
:10273000FFF71DFB04F014FB002900D1F1E0FA22A1
:102740000023920005F05CF943461860069B1B7855
:10275000013B012B02D80123109A1370FA23189A17
:102760001360FFF704FB52AA2032157852ABDB7FCF
:102770002D021D4301D000F0A6FC089B1B78002B06
:1027800005D0099B1B88AB4201D1FFF7F0FA2B0A59
:102790009A4604F0E5FA002900D1F1E2FA2200237A
:1027A000920005F02DF943461860069B1B785A1ECF
:1027B000012A00D8F0E2002B00D0F0E2079A11784D
:1027C000127852B2002A00DAC5E21A9802787F2005
:1027D0008A181040C20012181B980131821802207A
:1027E0001070504655709070D3701371537193717F
:1027F000D3711372079A1170099B089A1D800123E7
:10280000137000230A9A1370FFF7B1FA04F0A8FAC4
:1028100000297CD0FA220023920005F0F1F843460B
:102820001860069B1B78013B012B02D80123109AEC
:102830001370FA22189B92001A6063781C9A137026
:1028400004F08EFA002971D0FA220023920005F0DC
:10285000D7F81D9BFA301860FFF789FA032900DCCE
:102860004AE6349B1B785BB2092B01DC01F01FFEAA
:10287000359B369A1D60329B1D6000231380023306
:102880002F9A30001370339B309A1E60012313700F
:102890002D9A1370309B1D78FDF718FF002D00D185
:1028A00043E601232D9A13700C9B159300F0F3FE61
:1028B000FA21890005F066F810E7FA21890005F091
:1028C00061F843461860069B1B785A1E012A00D9FE
:1028D00023E40123109A13700E9B1D781B785BB2C2
:1028E000002B00DA35E47F23259A49461278AA188E
:1028F0001340D800C0180123269A01351018037020
:102900000822013005F076FF0E9B1D7021E4FA21AC
:10291000890005F037F882E7FA21890005F032F8DE
:1029200001E7FA21890005F02DF80DE7FA21890069
:1029300005F028F88DE7C04600F03F10544F4B5784
:10294000FFFFFF7F193B159353460122162B01D041
:10295000FFF7F8FA0D9B1B781693002B01D100F0BE
:10296000D6FC169A1592BB78F8789A46042B01D1BA
:1029700001F064F8042801D101F08AF83B7923932F
:10298000042B01D101F0A6F87B79042B01D100F0D2
:102990004EFFBB79042B01D100F049FFFB799C4627
:1029A00004235B429C4461464B424B412293534675
:1029B000072B01D100F042FF072801D101F0C6F832
:1029C000239B072B01D100F044FD7B79072B01D11C
:1029D00000F03FFDBB79072B01D100F03AFDFB79F8
:1029E0009C4607235B429C4461464B424B412493E7
:1029F00053461A2B01D100F033FD1A2801D101F002
:102A00003FF83B791A2B01D100F01FFD7B791A2B7F
:102A100001D100F01AFDBB791A2B01D100F015FD90
:102A2000FB799B461A235B429B4459464B424B41E0
:102A30009C465346162B01D100F08DFC162801D17F
:102A400000F089FC3879162801D100F084FC7879EF
:102A5000162801D100F07FFCB879162801D100F0CA
:102A60007AFCF87916380300584258410C9B002B29
:102A700000D068E307339A46002A03D10C9B9B00E1
:102A8000DBB29A465246139B1A70159B002B00D15D
:102A9000D8E01A239B46169B002B0DD063460028D6
:102AA00001D100F0FAFC012B06D1149B1B789B4648
:102AB0001A2B01D016239B465A46149B52A81A7013
:102AC000122306221818002105F08EFE4A46E378EC
:102AD0001370237953706379042B00D101E3072B22
:102AE00000D1B4E31A00FB21163A0A4200D199E260
:102AF000002B00D099E2A379042B01D100F02EFC29
:102B00000222072B01D100F06EFC1900FB201639C0
:102B1000014200D150E2002B00D050E2E379042BB7
:102B200000D1FAE2072B00D1ACE31900FB201639E3
:102B3000014200D112E2002B00D012E2237A042BD2
:102B400000D121E3072B00D1A1E31900FB201639A6
:102B5000014200D1CFE1002B00D0CFE1637A042BFA
:102B600000D14EE2072B00D1E7E21900FB20163915
:102B7000014200D18AE1002B00D08AE1A37A042B24
:102B800000D114E2072B00D147E21900FB201639CF
:102B9000014200D14FE1002B00D04FE11F2352A989
:102BA00008225918380005F025FE01230D9A1370EC
:102BB000119B1B78002B06D04B461A68129B1B6892
:102BC0009A4200D13AE304F0CBF8002900D14FE259
:102BD000FA220023920004F013FF43461860069B7C
:102BE0001B785A1E012A00D84EE2002B00D04EE27C
:102BF000079B1D781B785BB2002B01DAFFF7B7F853
:102C00007F231A9A49461278AA181340D800C01890
:102C100001231B9A0135101803700822013005F0BA
:102C2000E9FD079B1D704A46129B03CA03C301239B
:102C3000119A1370279A136801331360FFF797F8FE
:102C400007239A46169B002B00D134E7162332E760
:102C500004239C46634604210C9A1A430B9B0C9256
:102C60001A780B0013409B46114201D0FFF7FCF885
:102C70006146199B1A784A401A705A460F9B1A707F
:102C80000B9A0C9B1370042801D0FFF7F4F85346FD
:102C9000072B01D101F0E3FAE379072B01D101F011
:102CA000CBFA227A072A01D101F0E1FC637A072BE3
:102CB00001D101F0FFFAA27A073A53425A41534632
:102CC000D2B21A2B01D101F0F1FA0123E1790C9370
:102CD0008C461A2901D0FFF716F9162801D100F009
:102CE000D7FD5346162B01D100F0D2FD0123207AE7
:102CF0001593162801D0FFF72AF901231693FFF741
:102D000032F9012211000B9B1B7819401A4207D19E
:102D10000122199B1B785340199A13700F9B19704D
:102D200003239A46023B0C93392801D0FFF765F83C
:102D3000022211000B9B1B7819408C461A4206D1C7
:102D400019990B78534062460B700F9B1A705346CB
:102D50000C93FFF76FF8219B0A9A1D8001231370D3
:102D60000023089A1370FFF702F80023219A1380BA
:102D70000A9A013313700023089A1370FFF72FFA91
:102D8000FA21890004F0FEFD43461860069B1B787B
:102D90005A1E012A00D90EE50123109A1370002350
:102DA0000E98C3560178002BD5DB7F22259B1B781C
:102DB000CB181A40D3009B18269A0131D31802224F
:102DC0001A7052469A7000225D70DA701A715A7148
:102DD0009A71DA711A7201700EE5FA21890004F015
:102DE000D1FD43461860069B1B785A1E012A01D963
:102DF000FFF7CBF90123109A137000230E98C356E6
:102E00000178002BB1DB7F22259B1B78CB181A4061
:102E1000D3009B18269A0131D31802221A7000227F
:102E200001705A709A70DA701A715A719A71DA7167
:102E30001A72FFF7CBF95B4500D0AFE6022A22D029
:102E400049468978994200D1A8E6032A1BD0494611
:102E5000C978994200D1A1E6042A14D049460979DB
:102E6000994200D19AE6052A0DD0494649799942FE
:102E700000D193E6072A01D001F073F84946897919
:102E8000994200D18AE649468B5487E69B4500D09B
:102E900074E6022A1FD049468978994201D100F090
:102EA0001CFD032A17D04946C978994201D100F088
:102EB00014FD042A0FD049460979994201D100F046
:102EC0000CFD062A01D001F020F8494649799942C3
:102ED00001D101F020F848468354A37A511C042BF9
:102EE00001D100F006FDCAB2072B00D04DE65146D5
:102EF0000729A5D052E69B4500D02FE6022A17D01D
:102F000049468978994201D100F0D2FC032A0FD0BA
:102F10004946C978994201D100F0CAFC052A01D07E
:102F200000F0F0FF49460979994201D100F0C0FC58
:102F300048468354637A511C042B01D100F0C2FC33
:102F4000CAB2072B00D010E651460729A3D0A37AB6
:102F5000042B2CD0072B00D017E61FE69B4500D092
:102F6000ECE5022A0BD049468978994277D0042AA9
:102F700001D000F0ACFF4946C97899426FD048466D
:102F80008354237A511C042B01D100F086FCCAB271
:102F9000072B00D0D9E551460729B1D0637A042B1D
:102FA0002FD0072B00D0E0E5A37A042BD2D15346D3
:102FB000042B00D142E7F1E59B4500D0AEE5032AA2
:102FC00001D001F0A0FA4A4692789A4201D100F06D
:102FD0008DFF032148464354E3794A1C042B00D15A
:102FE0000DE2072B00D0A0E551460729BBD0237A7C
:102FF000042B00D1C8E0072B00D0A6E5637A042B90
:10300000CFD151460423042900D142E7A37A042BEF
:1030100000D1C3E5072B00D0B7E55146072900D101
:103020000CE7BBE55B4500D065E54A469370A379A4
:10303000042B00D016E15346042B5DD0E379042B1A
:1030400001D100F065FF0322072B00D06DE551464A
:10305000072900D035E149468978994287D1237AFA
:10306000042B01D100F080FF072B00D06DE592E723
:10307000FA21890004F086FC43461860069B1B7801
:103080005A1E012A00D9B0E50123109A13700E9B35
:103090001D781B785BB2002B01DAFEF768FE7F23F8
:1030A000259A49461278AA181340D800C01801235F
:1030B000269A0135101803700822013005F09AFB9A
:1030C0000E9B1D70AFE503F04BFE002900D1E3E03D
:1030D000FA220023920004F093FC299B1860FFF76A
:1030E0004CFB5346042B00D0DBE04B4652469A7013
:1030F000A379042B00D0B5E04B469A78AA462B0062
:103100000321042A00D065E7E3799A46042B01D114
:1031100001F0DFF992460A0004E551460423042930
:1031200000D11EE7237A042B00D00BE5637A042B31
:1031300000D16BE7072B00D017E55146072900D1D6
:10314000A7E604E70120002A00D1FAE0139B1B78D0
:103150009A46249B002B00D116E1229B012B00D123
:1031600015E1AA468EE4002A01D0FEF712FF139B58
:103170001A70159B002B00D163E5169B002B00D124
:1031800073E100239A4690E451460423042900D1B8
:10319000B4E6637A042BCDD138E753460C930B9BEE
:1031A0001A78920701D5FEF741FE0221199B1A7881
:1031B0004A401A7000220F9B1A70472801D0FEF770
:1031C00039FE04239C46634604210C9A1A430B9B48
:1031D0000C921A780B0013409B46114201D000F06C
:1031E000D6FD63461999A27992460A785A400A7028
:1031F00059460F9A0B9B11700C9A1A705346042B68
:1032000001D0FEF73DFE01230C93072801D0FEF705
:1032100056FEE3799C461A2B01D101F0A1F9227ADE
:103220001A2A01D101F039F8617A01221A2901D054
:10323000FEF773FE01231593FEF776FE4B465A68A0
:10324000129B5B689A4200D0BDE4FEF790FD5346A6
:10325000072B00D08FE04B4652469A70A379042B7F
:1032600000D1EBE60322072B00D04EE4514607299C
:1032700000D1A8E6E379042B00D14EE7072B00D05C
:1032800053E4B4E65146072900D16AE6AFE6514659
:10329000072900D132E681E6FA21890004F072FBA9
:1032A0001BE7A379042B00D02AE4E379042B00D197
:1032B000B0E30222072B00D037E45146072900D1A2
:1032C0005DE600239A4692E60423139A1370159B39
:1032D000002B00D1E8E0169B002B23D11A23149A6F
:1032E00052A81370083B06221818002105F07CFA3A
:1032F0004A46E3781370237953706379042B01D124
:1033000000F0CFFD1A22AA469346FFF7E8FB0C9B7C
:10331000002B01D100F01DFF139A1378042B01D06C
:1033200001F09BF9AA46FFF7C0FB0C9B002B01D1D3
:1033300001F096F9002A01D001F0C0F901239C4662
:103340001800229BAA46012B01D0FFF79BFBFFF739
:1033500095FB01239C460120FFF788FB5346042B75
:10336000A3D14B4652469A70E3790322042B01D035
:10337000FFF7D8FBF7E5A379042BEFD00222072B48
:1033800001D0FFF7C2FB75E7229B002B04D1534607
:10339000042B01D1FFF776FB07239A46FFF772FB58
:1033A00001230C93072801D0FEF784FD53461A2B06
:1033B00001D100F0F8FE63461A2B01D1FFF7C2FAE3
:1033C000227A1A2A01D100F064FF627A1A2A01D106
:1033D00000F0C1FFA17A1A394A425141CBB2012211
:1033E0001593FEF7A5FD5146072900D042E7484650
:1033F00005394354E3794A1C042B00D0F1E55146CA
:10340000042900D1AFE58DE601221A2801D0FEF78C
:103410006FFD01231593FEF78BFDFA21890004F05F
:10342000B1FA069B1B78022B01D0FFF7A1F8449953
:10343000EF4A0B68C31A934201D8FFF7C5F801237E
:10344000109A08601370FFF7BFF801239C46FFF73E
:10345000F0FA0123249353461A2B01D0FFF7CDFA3B
:1034600001239C46FFF7EAFA07239A461A23149A87
:1034700052A81370083B06221818002105F0B4F971
:103480004A46E3781370237953706379042B00D193
:1034900018E31A229346FFF722FB002B01D1FFF716
:1034A00004FB1623FFF707FB169BAA46002B01D14E
:1034B000FFF701FBFFF7CAFB099B1B88002B01D11B
:1034C000FEF7B9FE03F04CFC002901D100F0F9FC35
:1034D000FA220023920004F093FA299B1A68831AB7
:1034E000FA22D200934201D2FEF7A5FE089B1B7878
:1034F000002B05D0099B1B88002B01D1FEF79BFEFA
:1035000003F02EFC002901D100F0F1FDFA22002386
:10351000920004F075FA43461860069B1B785A1E09
:10352000012A01D800F0F0FD002B01D000F0EBFEE5
:10353000079A1178127852B2002A01DB00F0C3FE1C
:10354000219A138001230A9A13700023089A13709A
:10355000FEF775FE1A003B9B1860329B1860359B86
:103560001860349B1A70A34B984201D800F00AFEF1
:10357000A14B984201D900F035FFA04BA049C318D8
:103580006420584304F0FEF9439B379A18700123D6
:103590001370309A13702D9A1370479B489A1D60D0
:1035A0005D609D60DD601D615D619D61DD611D622D
:1035B0005D629D62DD621D635D639D63DD6300236B
:1035C0001370409A1370369A1380002F00D0FBE1DD
:1035D000FA22379B52011B780C93339B1B68F31A1A
:1035E000934230D2309B30001D78FDF76FF8002DEC
:1035F00000D0FDE23E9B834A1B68F31A934242D8F7
:103600000C9B002B01D1FEF7A2FF2D9B1B78002BFA
:1036100001D1FEF79CFF3EE001210B9B1A780B00C5
:1036200013400C93114200D0F7E10121199B1A7845
:103630004A401A700F9B0C9A1A7003239A46023B59
:103640000C93FEF7DAFB3B9B0C9A1B68002A00D018
:103650007DE301222F9930000A70339A4999166050
:10366000694AB2180A60329A1360359A13600023CF
:10367000349A1370369A1380309A01331370FDF721
:1036800025F80123159301232D9A13700C9B002B11
:1036900001D1FEF75CFF43461B68F31A312B01D8BA
:1036A000FEF755FF069B0E9A1B7812781343079A74
:1036B0001278134301D0FEF74AFF2A9B1B78002B98
:1036C00001D0FEF744FF319B1B78002B01D0FEF7A1
:1036D0003EFF4B9B1B78002B01D0FEF738FF439B2E
:1036E0001B789C462F9B1B78013BDBB2032B01D937
:1036F00000F0F2FE519AD05C3B9B529D19682A78EB
:103700000B0A0C93531C2B70159B4A9F5D426B4117
:1037100001255B42AB4303353D703D00E9700C99D8
:10372000033329710121AB71002367466A71319A15
:10373000EB7111702D9A2B721370309A6F70137099
:103740003E9BA8701E60FEF702FF072801D100F023
:103750000CFD5346072B01D100F000FDE3799C4698
:1037600001230C93FEF7B1FB219B1D882E0A03F069
:10377000F7FA002900D1BAE1FA220023920004F0FE
:103780003FF943461860069B1A78531E012B00D858
:10379000B9E1002A00D0B9E1079B19781B785BB228
:1037A000002B01DAFEF741FD7F201A9B1B78CB1816
:1037B0001840C3001B181B980131C31802205D700C
:1037C00018709E70DA701A715A719A71DA711A72E1
:1037D000079B1970219B099A1B8808991380012265
:1037E0000A70002B00D0A9E30A9A1370FEF723FD9C
:1037F0002F750000EA0B00005D10000016F4FFFFBB
:10380000740400001F4E0000B80B00001A2801D1FC
:1038100000F08EFC072301229A46FEF76EFB162865
:1038200036D0E3799C4601231593FEF786FB0123EE
:1038300022935346072B01D0FFF7BEF81A2801D177
:1038400000F010FE239B1A2B01D100F0F3FD7B79D1
:103850001A2B01D100F0AEFDBB791A2B01D100F07B
:10386000E4FDFB799C461A235B429C4461464B4233
:103870004B419C4601232493FFF7E0F8063A1A28AF
:1038800001D0FEF735FB5346162B01D0FFF72EFA79
:10389000012315931693FEF766FB5246042A00D0C7
:1038A00043E2CAB249468978994201D0FFF72EFB1C
:1038B000637A042B00D10DE3072B01D0FFF755F9F4
:1038C000FFF742FB5246042A00D036E2CAB249460C
:1038D0008978994201D0FFF7E4FAA37A042B01D04A
:1038E000FFF702FB5146042901D1FFF7A9FAFFF7C0
:1038F00055F95246042A01D0FFF750F9CAB2FFF732
:103900009FFA002901D0FEF75FFE079A1278134351
:1039100001D0FEF759FE319B1B78002B01D0FEF73A
:1039200053FE43461B68C31A132B01D8FEF74CFE07
:10393000FA22539992000B68C31A934201D2FEF700
:1039400043FEBA4B2E9A9B6A12689B1A952B01D89C
:10395000FEF73AFE0860FEF721F9FEF735FEFA2180
:10396000890004F00FF8FEF73EFEFA21890004F00A
:1039700009F8FEF763FEFA21890004F003F8069BBC
:103980001B78022B01D0FEF7DCFC109B1B78002B70
:1039900005D0429B1B68C31A01D400F01BFC289B76
:1039A0001B781593FEF71AFDFA21890003F0EAFF50
:1039B0000600FEF723FD329B349A1D60359B1D6087
:1039C00000231370369A1380042F00D005E1FA22E9
:1039D000339B52011B68F31A934200D2FDE001238E
:1039E0002F9A32991370339A300016603B9A1268FE
:1039F0000A6035990A60002234990A7036990A8063
:103A0000309A1370379B1B780C93FCF75FFE0123F1
:103A1000159338E60222FFF785FBA3799C46032322
:103A20009A466346392B01D0FEF7ECF9920701D58F
:103A3000FFF78DF903230C93FFF7B7FB072800D19D
:103A4000E9E33B799C46072B01D100F0E0FC7B7950
:103A5000072B01D100F0D0FCBB79072B01D100F07E
:103A6000C4FCFB799C4607235B429C4461464B4265
:103A70004B412493012322931A2801D0FEF7C1FF62
:103A80005346162B00D164E401239C46FEF7DAFF6F
:103A9000072B00D1BFE33B79072B01D100F06AFC73
:103AA0007B799C46012322936346072B01D0FEF7C6
:103AB00091FF53461A2B01D100F063FD012324939B
:103AC000FEF79FFFA379042B00D133E21A2293461D
:103AD000FFF716F85346072B01D100F062FC0728C8
:103AE00001D100F050FC01232293FEF76EFFFA2172
:103AF000890003F047FF43461860069B1A78531E5F
:103B0000012B00D945E60123109A13700E9B1978FA
:103B10001B785BB2002B01DAFEF787FB7F22259B27
:103B20001B78CB181A40D3009B18269A0131D31862
:103B300002221A7000225D709E70DA701A715A713A
:103B40009A71DA711A720E9B197043E61A2B01D121
:103B500000F01DFC01232493239B1A2B01D0FEF7B8
:103B600055FF5346162B01D100F0D0FC0123787984
:103B70009C462493162801D0FEF76EFF0C9B002B69
:103B800001D0FFF7DFFA60469A4201D1FEF776FFD7
:103B90000120FFF701FC9D4202D9359B1D602B00DF
:103BA000329A13605B1B0B2B04DC214B9D4201D925
:103BB000FEF7B3FC329B349A1D60359B1D600023D9
:103BC0001370369A13802F9A04331370339B309AF4
:103BD0001E60012313702D9A1370309B30001D78E6
:103BE000379B1B780C93FCF771FD002D00D101E58C
:103BF000159548E52A9A1278002A01D0FEF7EEFBC7
:103C0000079A1278002A01D0FEF7E8FB31990A7072
:103C10002D9A13704F9A1370509B069A18600223C6
:103C20001370429B0A301860FEF7D8FB0040054035
:103C3000171000009388012B01D0FEF70AFD93793D
:103C4000012B01D0FEF705FDD379012B01D0FEF742
:103C500000FD812311899B01994201D0FEF7F9FCF7
:103C6000D368CF490A3BFF3B8B4201D9FEF7F1FCF9
:103C7000012301205569CB49CB4E5B4217780132B5
:103C80007B405F0803405B420B407B405F08034082
:103C90005B420B407B405F0803405B420B407B4034
:103CA0005F0803405B420B407B405F0803405B4280
:103CB0000B407B405F0803405B420B405F407B084A
:103CC00007407F420F405F407B089C463B006746B1
:103CD00003405B420B407B40B242CFD1DB439D426D
:103CE00001D0FEF7B6FCB1488369043301D0FEF77A
:103CF000B0FC0369C27A817A00930C200023FDF79F
:103D000073F82B9A13780133137003F029F8002904
:103D100001D100F08CFCFA220023920003F070FE27
:103D2000389BFA301860FEF797FC637ACAB2042B0E
:103D300001D0FFF7FFF9FFF769F9A37ACAB2042BA4
:103D400001D0FFF767F9FEF729FF3B9B1B68984AF4
:103D5000934200D872E101220C9202327AE4319946
:103D60000B78002B01D1FEF7D6FA4A9B58781D78C4
:103D70000C9018799E7884465879DF78229098794B
:103D80001690D8791590187A0A70FEF797FA0B9B5F
:103D90000C9A1A70A3799A46042B00D16BE3E3794D
:103DA0009C46042B00D1D4E4237A042B01D0FEF7E7
:103DB00072F801230C93FEF77DF8159B002B01D0C0
:103DC000FFF789FA169B002B01D1FEF774FEFEF770
:103DD0003DFF429B1B68C31A01D5FEF7FFFA08227C
:103DE000002154A804F000FD4A46099B7F271B8848
:103DF000138000235380069A579313700E9B1E78EE
:103E0000002E2BD043460C930E9B98465346169398
:103E1000259B9A465B462293269B9B4653461D78DC
:103E20000922E90049195944200004F0E3FC5346F3
:103E300001353D401D704346013E1E701D2352AAB0
:103E400099182078FCF726FF43461E78002EE5D10E
:103E50000C9B9846169B9A46229B9B46119B54A905
:103E60001B78002B00D012990023079EF35635785B
:103E7000002B10DB1A9B1A787F23AA181340D80056
:103E8000C0181B9B0822181801230135037001304C
:103E900004F0B0FC357049460220FCF7FBFEFEF74B
:103EA0009DFA4A469370A379042B00D1CAE0072BF0
:103EB00000D16AE104221A2192468B46013AFEF7AC
:103EC00024FEFA21890003F05DFDFFF706FB0322C3
:103ED000FFF755F85146042901D1FEF7DCFFA37A1C
:103EE000042B01D0FFF796F8FEF758FEE379032282
:103EF000042B01D0FFF775F85246042A08D1013A85
:103F0000FFF731F82A00FFF713F80522FEF7E3FF69
:103F10000322FFF707F9A37A042B00D1E2E4072B71
:103F200001D0FEF732FE5346072B01D1FEF788FF82
:103F3000FEF734FE1A239B46FFF7B7F902F010FF95
:103F4000002900D1CEE0FA220023920003F058FDB0
:103F50000022299B0A991860089B0A701B78FEF7BB
:103F600066F90622FEF78FFF5146042901D1FEF7BC
:103F7000C7FF637A042B01D0FFF7DCF8FFF746F8A0
:103F80003D98FDF79DFDAB6A2E9A1360002800D185
:103F900013E100232A9A13703C9A1370FEF7BBF9C1
:103FA000F7FE1E002083B8ED14F03F1000F03F1024
:103FB0005D1000003B9B1860E94B98420BD9E94B20
:103FC000984200D964E2E84BE849C318642058439A
:103FD00003F0D8FCC7B2439B349A1F70329B1D601C
:103FE000359B1D6000231370479A156055609560DE
:103FF000D560156155619561D5611562556295620F
:10400000D562156355639563D563489A1370409ADA
:104010001370369A1380FA22339B52011B68F31AED
:10402000934200D391E6309B30001D78FCF74EFBA5
:10403000002D01D1FFF7DEFAFEF733FC01220C92CE
:10404000FFF707FB1A239B464B469A78AA462B009C
:104050000321042A01D0FEF7BDFFFFF755F8409A6F
:10406000002112789446002A01D0169AA91A022F2C
:1040700001D0FEF72CFA9D4200D80DE20022359BBC
:104080001D60369B1A802B0032980360B54885422C
:1040900000D916E25B1B0B2B00DD8BE5B44B9D4278
:1040A00001D9FEF73AFA2C2A01D8FEF736FA002990
:1040B00001DDFEF732FA329B349A1D60359B1D609C
:1040C00000231370369A13802F9A01331370339A9A
:1040D0001660309A13702D9A1370FEF71EFA0020A6
:1040E000FEF7C1F9FA21890003F04CFC30E7FA2110
:1040F000890003F047FC43461860069B1B785A1E54
:10410000012A01D9FFF710FA012210990E980A70BE
:104110000178007840B2002800DBFBE00021219804
:1041200001800A990A70002208990A70FEF785F842
:104130000123159363460122162B01D0FDF702FFE0
:104140000D9B1A78002A00D052E20C9B934200D0BB
:1041500073E20723139A1370FDF728FF1A2800D182
:1041600022E201230C93FFF755FB53461A2B00D193
:1041700020E2237A1A2B00D125E2012301220C939D
:10418000FDF7C6FE0020FFF7FFF904239A46163319
:104190009B460322FFF76EF8419B0021186802F04E
:1041A00049FBFDF7E0FD193B159363460122162BF1
:1041B00001D0FDF7C7FEFEF7CDFB3C9964330A78CA
:1041C00001320A7046990A6801320A60419A136006
:1041D000FEF7A1F8D02580262D06B6020021642026
:1041E000AE6102F08BFB0023179A6E6113700322FD
:1041F00006990A70109A137002F0B2FD002900D1DE
:104200000EE1FA220023920003F0FAFB429BFA30FF
:104210001860FFF7C4FB3B791A2B00D1FAE07B79D9
:104220001A2B00D1EDE0BB791A2B00D1E9E0012374
:1042300022932493FEF7F4FB53461A2B00D1A9E1F5
:1042400007239C46237A1A2B00D1A7E1637A1A2B05
:1042500000D1A3E1012301220C93FDF75EFEE37977
:104260009C461A2B00D19FE1237A1A2B02D0637A45
:104270001A2BEFD101231A0015930C93FDF75DFE65
:10428000022F00D106E1032F00D188E41900FEF7C8
:1042900022F95346162B00D149E16346162B00D173
:1042A00097E1012301221593FDF751FE01230C93A1
:1042B000FFF7B7FA53461A2B00D16BE10123012215
:1042C0000C93FDF71AFE7F201A9A12788A18104074
:1042D000C20012181B98013182180220537010700E
:1042E0009370D370137153719371D3711372079AD2
:1042F0001170099A13800123089A137000230A9AF7
:104300001370FDF79CFF0E9A1178127852B2002AB2
:1043100000DA71E17F20259A12788A181040C200D5
:104320001218269801318218022010700020507057
:104330009070D070107150719071D07110720E9A8F
:104340001170099A0899108001220A7000220A99B6
:104350000A70FDF772FF012301221593FDF7E8FDB6
:10436000EA0B00005D10000016F4FFFF740400006B
:104370000310000053461A2B00D1EDE001232293D5
:104380002493FEF743FB1A2BF8D101232293012338
:1043900038799C462493162801D0FEF758FBFFF786
:1043A000EDFB01231A2836D022937B791A2B01D0FA
:1043B000FFF752FA01239C462493162801D0FEF7FA
:1043C00041FB0C9B002B01D1FFF7DDFB002A00D144
:1043D0007CE1139B01201B789A46FEF7BEFE642009
:1043E000FEF741F86420FFF7CFF81A2812D0012316
:1043F00024932293FEF705FB1A280BD063461A2B51
:10440000BCD101239C4624932293FEF717FB1A2864
:1044100000D004E701239C4624932293FEF712FB6D
:10442000FA21890003F0AEFAF0E601239C462493BA
:10443000FEF704FB162801D1FEF777FF01237879F8
:104440009C462493162801D0FEF706FB0C9B002BFC
:1044500001D0FEF777FE60469A4201D0FEF712FBCC
:10446000FEF70CFB012338799C462493162801D0D3
:10447000FEF7EDFAEAE7E3799C46072B00D185E0E9
:10448000237A072B00D181E001230C93FDF722FD55
:104490006427A0E52B0000219620369F80003A88F3
:1044A000824200D3F0E5013292B23A80ECE5349AD0
:1044B00002335BB21370022B01DCFEF72EF8FEF71D
:1044C000D7F90023349A1370369A13800333FEF71A
:1044D000D7F90322FEF747FD0420FFF70DF9359BBE
:1044E000349A1D60329B1D6000231370369A13802E
:1044F0002F9A03331370339B1E60309B1F702D9BCC
:104500001F70FEF70AF80221FEF764FD0C9B002BDA
:1045100001D0FEF70FFF9A4200D1C4E007239A466C
:10452000063B9C461800FEF7ADFA01230C930D9B49
:104530001B781693002B01D0FEF713FA0C9B002B6F
:1045400000D106E6139A1378042B01D1FEF7EAFE98
:1045500007231370FDF72AFD01232293FFF706FBC3
:10456000207A193B1A001593162801D0FDF7EFFCAD
:104570000D9B1B780C93002B00D099E01692FDF751
:1045800001FD01239C462493FEF75CFA01220C9264
:10459000FDF7B3FC01220C92FFF743F901231A0047
:1045A00015930C93FDF7C4FC01231A0015930C938B
:1045B000FDF7C8FC0122207A15920C92162801D032
:1045C000FDF7C5FCD4E75346162BAED001230C9360
:1045D00067E60D9B1B781693002B01D0FEF7C1F9FF
:1045E0000C9B002B34D1013315931693FDF7D1FCAE
:1045F00015921692FEF7B7F90023219A0A991380B3
:1046000001220A70089A1370FDF785FE3F212B00E6
:10461000414320335B1832999B090B60002A01DC6F
:10462000FDF77BFF349B013A1A70FDF776FFFA2104
:10463000890003F0A7F9FFF773FB139B1B78042B8A
:1046400001D1FEF76FFE5246139B1A70FDF7AEFCC8
:104650000C9B15931693FDF795FC1070FDF7A6FCC7
:104660009A4220D001239C461800FEF70BFA5246CE
:104670001A2A8FD09C461A2B0CD0637A1A2B8DD015
:10468000A17A01221A394B425941CBB215930C92AF
:10469000FDF74EFC162A87D101231A0015930C93BF
:1046A0001693FDF760FC01339C461800FEF7E6F90F
:1046B0000C9B1A0015931693FEF755F9139B1B7864
:1046C0009A4601239C461800FEF747FD0120FEF79D
:1046D00038FEC046F0B5C6463F2300B5164D174A12
:1046E0002C781678E1B201341C40B4420AD1167815
:1046F000B4460126B444664633401370104A13682A
:10470000013313608B005B185B005B1800218C4643
:104710000C4A9954D1184870604603338870981831
:104720000021082204F060F8BFF35F8F2C7040BFB7
:1047300080BCB846F0BDC046EB7A0220EC7A02207D
:10474000DC770220E0770220F8B53F23174E1849A6
:10475000347805000878E2B201341C40844207D165
:104760000878013003400B7012490B6801330B606D
:104770009000801840008018012200270E4B002175
:10478000C2541A18033055709770C018082204F0EC
:104790002BF8BFF35F8F347040BF084B1A78AA42E2
:1047A00002D11F70064B1F70F8BDC046EB7A022085
:1047B000EC7A0220DC770220E0770220CA7A02201D
:1047C000CC7A0220F0B5D6464F464646C0B582B0F8
:1047D00005000C009146984607F03AF88246032CF3
:1047E00007D9012827D002B0E0BCBA46B146A84696
:1047F000F0BDD02767438A4BD022FE18002130003D
:10480000019303F0F1FF0022864B1A55019BFD54E2
:104810004B46002B03D04346002B00D0A3E0534669
:10482000012B09D02100280007F082F801227E4BDD
:1048300050401855D7E7002601227C4B7C491D705B
:104840007C4B88461C707C4B1A7000230B707B4994
:104850000B707B4B0F001A7099468023794A5B02DC
:10486000136002239246938002F07AFA002900D165
:1048700074E0FA220023920003F0C2F8724B734AEC
:104880001860734B186000231370724A1370724AD9
:104890001370002E37D07378002B2DD0B288012AE8
:1048A00000D187E0012B27D03289012A00D18CE08A
:1048B000022B21D0B289012A00D18CE0032B1BD01E
:1048C000328A012A00D18CE0042B15D0B28A012A49
:1048D00000D18CE0052B0FD0328B012A00D18CE067
:1048E000062B09D0B28B012A00D18CE0072B03D014
:1048F000338C012B00D18CE0CE23F35C002B4BD109
:1049000043461B783B70554B55491E781F003F238B
:104910000878F2B201361E40864207D1087801308D
:1049200003400B704F490B6801330B6090008018F7
:104930004000801802224C4B0021C2541A18033048
:1049400055709470C018082203F04EFFBFF35F8FBC
:104950003E7040BF032C00D864E744E7FA21890089
:1049600003F010F88AE7B81C4F46019B3A00082173
:104970001818434607F0AAF9424639007070300013
:10498000FBF77EFC424639003000FBF765FF5346DB
:10499000012B00D046E74FE7C523F35C4A463B7046
:1049A000C623F35CC8361370524633681360B3886D
:1049B0009380A8E7F278062A00D073E700234246E6
:1049C0009B00F3189B78137096E7F279062A00D0C3
:1049D0006EE70123F3E7F27A062A00D06EE702239E
:1049E000EDE7F27B062A00D06EE70323E7E7F27CCF
:1049F000062A00D06EE70423E1E7F27D062A00D004
:104A00006EE70523DBE7F27E062A00D06EE7062379
:104A1000D5E7F37F062B00D06EE70133CFE7C04622
:104A2000D4500220D050022014540220CA7A02200E
:104A3000CF7A0220CB7A0220CC7A0220D17A0220CF
:104A4000723D00206C3D00201C540220CE7A0220D2
:104A500038540220CD7A0220D37A0220EB7A022049
:104A6000EC7A0220DC770220E0770220F0B5D6460F
:104A70004F464646C0B52D4D0C002B78834206D0DC
:104A8000032C38D9E0BCBA46B146A846F0BD284B45
:104A90001B788B42F4D13F22264B9A461B78D9B221
:104AA000013313401E009946234B1F78BE4230D07D
:104AB0008B005B185B005B180321204A9954D118C6
:104AC000033348708C7098180021082203F08CFE84
:104AD000BFF35F8F53464A461A7040BF0023184AFF
:104AE0002B701370174A1360174A1360174A13701C
:104AF000174A1370C4E7D0200025164B60431D559C
:104B0000154BD022C018002103F06EFE134B1D552B
:104B1000B8E71E78B4460126B444664632401A709F
:104B20000F4A136801331360C2E7C046CA7A0220F5
:104B3000CB7A0220EB7A0220EC7A0220E077022086
:104B4000CC7A02201C54022038540220CE7A022053
:104B5000CD7A022014540220D4500220D0500220DA
:104B6000DC77022070B51A4C8C460E0021780500C7
:104B7000814203D117490978614500D070BD1649BB
:104B800009789142FAD1022BF8D10022134B1A7006
:104B9000134B1A7002F0E4F8002913D0FA22002314
:104BA000920002F02DFF0F4B217818608122002027
:104BB00007F032FE00220C4B310028009A5506F017
:104BC000B7FEDBE7FA21890002F0DCFEEBE7C04626
:104BD000CA7A0220CB7A0220D17A0220D37A02202C
:104BE000D47A02201C54022014540220F0B5454609
:104BF0004E46DE465746E0B515006F4A1C00136866
:104C000089B0013313606D4B0E0080461978032E76
:104C100000D9D0E1002C00D1DBE10020684A2B5CF8
:104C200001305A4013049B185B009B18DB009B1853
:104C3000DB009B185B009A1883B29C42EFD8614B53
:104C4000B000C250604B7200D45201225F4B9A55A3
:104C5000D02373435E4AD05C404522D0884500D0C3
:104C60009AE15C4B1B78B34200D095E1002300270A
:104C70009A46002C60D10022574B1A7002F070F84F
:104C8000002900D06EE3FA21890002F07BFE534B2D
:104C900018605346002B00D15BE3002F00D0B4E135
:104CA00057E3D7187878002800D173E1012800D1A4
:104CB0005BE1002C00D18EE12B789946BB784B4507
:104CC00000D15AE1BB794B4500D1C4E3022829D079
:104CD000BB7A4B4500D1C9E3032823D0BB7B4B45AE
:104CE00000D1C5E304281DD0D02373439C469444CF
:104CF00063469B7C4B4500D1BCE3052812D063463C
:104D00009B7D4B4500D1B7E306280BD063469B7EC5
:104D10004B4500D1BEE3072804D06346987F484541
:104D200000D1B9E3884500D036E12A4B1B78B34265
:104D300000D031E100239A4602F012F8002900D198
:104D40000BE3FA220023920002F05AFE244B186073
:104D5000002D9ED00822002106A803F045FD082C56
:104D600000D1D4E3092C00D1A2E32A78092C00D881
:104D700084E31C4B1B78002B01D0934206D0531EBA
:104D80000E2B00D98AE30B2C00D887E3A11E89B231
:104D90006A78AB1C039169460A7601229346013278
:104DA00001920022013B914601210220033202932D
:104DB000049505942CE0C046D0770220CA7A0220E0
:104DC000C59D1C81B8500220C8500220D05002203E
:104DD000D4500220CB7A0220CE7A0220385402200E
:104DE0001C540220CF7A0220039C8BB29C4200D834
:104DF0008CE04B4608339BB29946019B083208333E
:104E00009BB201935B4608339BB29B46013192B241
:104E1000029B5B5C002BE7D001241C420BD0D41F0B
:104E2000E32C08D8441CE4B2A4464D4606AC2554F5
:104E3000604608286AD002241C420BD0941FE32C41
:104E400008D8441CE4B2A4465D4606AC255460462E
:104E500008285BD004241C420BD0541FE32C08D834
:104E6000441CE4B2A446019D06AC255460460828C3
:104E70004CD008241C420AD0141FE32C07D8441C31
:104E8000E4B2A44606AC2254604608283ED0102462
:104E90001C420BD04C46E32C08D8441CE4B2A44678
:104EA00006AD541C2C54604608282FD020241C42E8
:104EB0000BD05C46E32C08D8441CE4B2A44606ADF3
:104EC000941C2C546046082820D040241C420BD04F
:104ED000019CE32C08D8441CE4B2A44606ADD41CC3
:104EE0002C546046082811D0DB0900D17CE7E32A66
:104EF00000D979E7131D06AC2354039C8BB29C4266
:104F000004D90130C0B2082800D072E7049D059C86
:104F10003F21354B354899461B788446DAB20078F4
:104F200001330B409B46834208D163461878013019
:104F3000014019702E490B6801330B6093009B18D8
:104F40005B009B1804222B4806A91A54C01843463C
:104F5000867043700432033003F04CFCBFF35F8F64
:104F60004B465A461A7040BF93E6B878002809D0DD
:104F7000002C30D02B7898420CD10020342373437E
:104F80001B189B000233D21853880C2B02D1537884
:104F9000012B37D0884515D03100404606F0C8FCBB
:104FA0000122154B5040985509B0F0BCBB46B246A3
:104FB000A946A046F0BD8842F6D1104B1B78B342FB
:104FC000F2D153E60D4B1B78B342E5D100239A464C
:104FD0004FE60B4A33E68845DED1084B1B78B342D7
:104FE000DAD100239A4646E6EB7A0220EC7A0220D8
:104FF000DC770220E077022014540220CB7A0220D2
:10500000C59D1C81884500D127E27978002934D0DC
:10501000BB78002B00D0D2E1012900D1E6E1BB79B9
:10502000002B00D0CBE1022900D1DFE1BB7A002BBD
:1050300000D0C4E1032900D1D8E1BB7B002B00D014
:10504000BDE1042900D1D1E1BB7C002B00D0B6E149
:10505000052900D1CAE1BB7D002B00D0AFE10629B4
:1050600000D1C3E1BB7E002B00D0A8E1072900D10D
:10507000BCE1B97F002900D0A1E12223FB5C9A4664
:10508000002B00D17FE1E3009B463B0000228946D4
:105090002433039401961978494500D06BE11879BF
:1050A000411E0F2900D966E15F883918594500D99A
:1050B00061E10724F908695C3C40E1400294C907BA
:1050C00000D483E10121012800D151E17C1CA4B26C
:1050D000E608AE5DB446072634406646E640F4076F
:1050E00000D477E1022800D142E102242143BC1C14
:1050F000A4B2E608AE5DB446072634406646E640F4
:10510000F40700D46EE1032800D131E104242143E7
:10511000FC1CA4B2E608AE5DB446072634406646E1
:10512000E640F40700D463E1042800D120E108241C
:1051300021433C1DA4B2E608AE5DB44607263440C8
:105140006646E640F40700D456E1052800D10FE199
:10515000102421437C1DA4B2E608AE5DB4460726A8
:1051600034406646E640F40700D449E1062800D101
:10517000FEE020242143BC1DA4B2E608AE5DB44687
:10518000072634406646E640F40700D43CE1072891
:1051900000D1EDE040242143FC1DA4B2E608AE5D41
:1051A000B446072634406646E640F40700D42FE1B3
:1051B00080242143082800D175E10824A446BC447A
:1051C0006446A4B2E4082C5D2600029CE640F60783
:1051D00000D424E1092800D1CAE0802676003143BA
:1051E0003E000936B4B2E608AE5D029607263440AA
:1051F000029EE640F60700D415E10A2800D1B7E088
:105200008026B60031433E000A36B4B2E608AE5DF1
:10521000029607263440029EE640F60700D406E1D7
:105220000B2800D1A4E08026F60031433E000B3667
:10523000B4B2E608AE5D029607263440029EE64010
:10524000F60700D4F7E00C2800D191E08026360163
:1052500031433E000C36B4B2E608AE5D0296072636
:105260003440029EE640F60700D4E8E00D2800D165
:105270007EE08026760131433E000D36B4B2E6086A
:10528000AE5D029607263440029EE640F60700D443
:10529000D9E00E286CD08026B60131433E000E3690
:1052A000B4B2E608AE5D029607263440029EE640A0
:1052B000F60700D4CBE010285AD18020C00101436A
:1052C00007260F37BFB2F808285C3E40F040C00701
:1052D0004ED4187A002802D100294CD0D988B6299A
:1052E00000D83FE10800CD3880B21D2843D8A14E38
:1052F000C640F6073FD50800019E9F4B9F4A19788C
:1053000099463F231578CCB201311940A94207D103
:10531000157801352B401370994A136801331360D7
:10532000A2001219520012190524964BD4549B184E
:1053300042465A7000229E70D8701A715A719A7142
:10534000DA711A725A729A72BFF35F8F4B461970F4
:1053500040BF032E00D927E61EE6FA21890002F09D
:1053600011FBF3E4FA220023920002F049FB8EE4E1
:10537000197A0029B2D00132D2B20A33524500D094
:1053800089E6039C019E012C17D92A0053781078D6
:105390001B02184300B2B6283EDD0300CD3B9BB292
:1053A0001D2B03D87349D940C907A6D4531B023318
:1053B0009BB201330232A342E8DB00209DE7002CC0
:1053C000FBD0013C2978A4B2013556E60128D2D0A1
:1053D00000217BE6022800D089E6187A002800D157
:1053E0007AE7C8E7032800D092E6F6E7002144E612
:1053F000042800D09DE6F0E7052800D0AAE6ECE7F7
:10540000062800D0B7E6E8E7072800D0C4E6E4E7BE
:10541000082800D0D1E6E0E7B428C7DD6DE7092809
:1054200000D0DDE655E70A2800D0ECE651E70B286E
:1054300000D0FBE64DE70C2800D00AE749E70D282D
:1054400000D019E745E70E2800D027E741E71028EC
:1054500000D135E73DE7012090E54B4B1B78B34287
:1054600000D0D2E501239A46FFF703FC022085E530
:10547000032083E5042081E505207FE506AB1A7053
:10548000022C00D844E5A21E92B2A91C981C03F07D
:10549000B1F93DE5062071E507206FE5611E89B28F
:1054A0006B1C039177E4187A002800D017E715E702
:1054B00002206B7806AA13708018E91C0622814628
:1054C00003F098F906AB9B78013B022B19D906AB88
:1054D000DB78013B022B14D96B461B7F013B022B6F
:1054E0000FD906AB5B79013B022B0AD906AB9B793E
:1054F000013B022B05D906ABDB79013B022B00D91E
:1055000006E506220021484603F06EF900E5082270
:10551000290006A803F06EF9002306AA53709378B9
:10552000013B022B22D906ABDB78013B022B14D9BD
:105530006B461B7F013B022B0FD906AB5B79013B0E
:10554000022B0AD906AB9B79013B022B05D906AB8E
:10555000DB79013B022B00D9DAE4022306AA9B186F
:105560009946CEE7B42900D9C5E604E702239B1883
:105570009946C6E701002030EB7A0220EC7A02203F
:10558000DC770220E0770220CB7A0220F0B5DE46FD
:1055900057464E464546E0B5A7B0064820AB1CAA84
:1055A0001AA901F0F3FD002808D10348014900F0D1
:1055B000D9FCC0460077010020DA0010D14C209AB7
:1055C0001C991A9801F008FD06F07AFD2000CE49DA
:1055D00007F0E2FB0223CD4962680B601A402368A2
:1055E0000724CF2163400B40C94912200B60C94BEF
:1055F00001211A6000F006FC0121132000F002FCDA
:105600000121102000F0FEFB00220121102000F0FB
:1056100011FC112000F088FCD02380221B0692028E
:105620005A6220005A61042100F0ECFB042108209A
:1056300000F0E8FB0920042100F0E4FB0322002530
:10564000B54B063C1A60B54B01321A60B44BB549F4
:105650001A60B54BFB321C60B44B1D60B44B1C6030
:10566000B44BDA641A661A66B34BB44A1B681B0C57
:105670001B0413600B68B24A9BB213600B682100D5
:105680001B0C1B0413602200AE4B1B689A43AE4BED
:105690001A60AE4A13689943AD4B19602100126835
:1056A0009143196007F002FC1F211C2000F0AAFBA7
:1056B0002A0029001C2000F0BDFB29001C2000F05E
:1056C00021FCA44BFA201A6880239B015340E0225E
:1056D000D2011340A04A21001360C00001F0FCFE7B
:1056E000FBF78CFA0200511E8A419C4B04001860A3
:1056F0009B4B18609B4B18609B4B1D709B4B1A700B
:105700009B4B984200D95BE29A4B1D7001F028FB3D
:10571000002900D14FE2FA220023920002F070F932
:105720000022954B1860954B1860954B1A70954B5D
:105730001860954B1A70954B1A70954B1C605C6005
:105740009C60DC601C615C619C61DC611C625C6271
:105750009C62DC621C635C639C63DC638D4B1A702F
:105760008D4B1A708D4B1A80FAF7B0FF01F0F8FAE2
:10577000002900D1A9E2FA220023920002F040F9A8
:10578000874B0025186003201AA91A901B95FBF778
:1057900081FA04F009FE834804F07EFE824B1CAAC5
:1057A00013CB13C21B6864211360042318AA13745B
:1057B00001201CAA05F018F8280006F05FF8022363
:1057C00018AA1384012020A905F012F8774B784C11
:1057D0000493784B784E0593784B794F9B46794BE1
:1057E0009846794B0693794B0393794B0A93794BFF
:1057F0000993794B0E93794B1193794B1293794B13
:105800000C93794B1093794B0893794B0D93794B0B
:105810000F93794B1393794B1493794B1593794BE1
:105820001793794B1893794B1993794B9946794B88
:105830009A46794B0B935346DA469B46049B1B785A
:10584000002B00D0A6E1059A1378002B04D0534614
:105850001570186808F090F801F034FE012000215E
:10586000404205F05BFA01F07BFA002900D1B4E177
:10587000FA220023920002F0C3F843461B68C31AC1
:10588000012B3AD9434618602378002B09D0307891
:10589000002800D18BE1002106F04AF8002800D052
:1058A00085E16378002B0AD0D023F05C002800D17A
:1058B0007FE1012106F03CF8002800D079E1A378CF
:1058C000002B0BD0D0235B00F05C002800D16CE1F2
:1058D000022106F02DF8002800D066E1E378002BC5
:1058E0000BD09C239B00F05C002800D155E10321E4
:1058F00006F01EF8002800D04FE13B78002B00D1C5
:1059000050E18BE000C0034000127A0004F0034035
:1059100000D0034004E00340107302200C73022007
:10592000087302205C000540384F0020344F0020EF
:10593000304F002000000540480005404810054059
:105940005C1005403C0005403C10054050000540FF
:105950005010054000C0044000D004400C4E002010
:10596000044E0020084E0020B67A0220B37A0220AE
:10597000EA0B0000B27A02202C4E0020144E0020C8
:10598000B07A0220184E0020B77A0220B57A0220A1
:1059900058440020AF7A0220AE7A0220A27A022078
:1059A0006C6E0220151C0010C8DB0010BD7A0220AE
:1059B00014540220BB7A0220D4500220804F0020D1
:1059C000CC7A022040540220D47A0220CE7A0220DF
:1059D000CD7A022038540220CA7A0220C0DB00109F
:1059E000390D00101C540220CB7A0220D07A0220FC
:1059F00020540220D97A02205C6E0220D37A022041
:105A0000285402206C3D0020723D0020D17A0220F3
:105A1000683D0020CC770220D67A0220039B1B78B9
:105A2000002B00D1DEE00A9B1B78002B2DD101F06A
:105A300097F9002900D11AE1FA220023920001F01F
:105A4000DFFF099B1B68C01A16D41822002120A86A
:105A500002F0CAFE0E9B18AA1B7820321370119B0D
:105A600020A82293129B249304F050FF002800D119
:105A700008E101230A9A13703B78002B00D191E0D2
:105A8000039B1B78002B00D1ACE0069B1D70089B8C
:105A90001B78002B56D101F063F9002900D1E1E019
:105AA000FA220023920001F0ABFF0D9B1B68C01A85
:105AB00096235B00984245D30F9B1B78002B06D0A2
:105AC000139A1368002B3DD15368002B3AD101F093
:105AD00047F9002900D0CFE0FA21890001F052FFF8
:105AE0000C9B1B68C01AF9282CD9149B1B78002B1F
:105AF00028D110220021159802F076FE179B189AE3
:105B00001B881278D100994206D90720D908034092
:105B100006389840159B5854199B1B789C46109B3F
:105B200019780E9B1878159B019200936246022308
:105B300005F0AAFE002800D1B6E00123149A1370E4
:105B4000089A13704B461B68002B1DD001F008F912
:105B500000297BD0FA220023920001F051FF5B461E
:105B60004A461B681268C01A90420DD34A46126812
:105B70000B999B185A460878136006F0D9FA01224F
:105B80000B990B7853400B7020BF049B1B78002BA4
:105B900000D158E607F0B8FE55E63B78E570002BDB
:105BA00000D03BE7069A1370CCE7A57096E6257007
:105BB00077E6657083E6FA21890001F0E3FEAFE540
:105BC000454B984200D985E0444B4549C3186420B1
:105BD000584301F0D7FE050096E5FA21890001F04F
:105BE000D1FE4AE601F0BCF8002934D0FA220023A5
:105BF000920001F005FF02000790099B1B68D31A71
:105C00001DD40C9B1B68D31AF92B18D9109B0E9A24
:105C10001978107805F070FE00280DD0109B1B78C5
:105C2000032B09D80E9A19001078169305F080FE00
:105C30000123169A4340A3540C9B079A1A60069AB4
:105C40003B781570002B00D021E77BE7FA21890013
:105C500001F098FE83E7FA21890001F093FE02002B
:105C60000790CAE7FA21890001F08CFE1DE7FA21AE
:105C7000890001F087FEE4E6FA220023920001F099
:105C8000BFFE2DE701F06CF8002908D0FA220023AE
:105C9000920001F0B5FE099B02301860ECE6FA2193
:105CA000890001F06FFEF6E701F05AF8002907D0ED
:105CB000FA220023920001F0A3FE0D9B186041E739
:105CC000FA21890001F05EFEF7E7FA21890001F070
:105CD00059FE55E5642517E55D10000016F4FFFF39
:105CE00074040000002010B5642900D010BD11001C
:105CF0000248102202F07EFD0120F7E7743D0020EB
:105D000010B5024806F006FB012010BD743D0020CE
:105D100010B50138C0B206F0EFFB10BD10B5013868
:105D2000C0B206F009FC10BD0138C0B243000F4AF2
:105D30001B181B019B18D02230B5120699785068A9
:105D4000DB7883B01D00536801221400AC4023406F
:105D50008A401C00104063426341424250415B0054
:105D60001843431E9841C0B203B030BDE46D022019
:105D70000138C0B24300044A1B181B019B18587B12
:105D8000012358407047C046E46D022010B5013829
:105D9000C0B206F0F5FB10BD7047C046F0B50C0070
:105DA00083B001AD060029002000170005F0A8FA15
:105DB0006A780023002A04D0EB78013B5A42534111
:105DC000DBB2701E3A002100C0B206F0F9FB03B04E
:105DD000F0BDC04610B582B06C46248A01380094EC
:105DE000C0B206F079FC02B010BDC04610B5013853
:105DF000C0B206F0BDFC10BD10B50138C0B206F04F
:105E000039FC10BD10B54024074A83009A18126867
:105E1000C0005440C0222240044C1B191A60044B9D
:105E2000C018416010BDC04604C0014004D001400C
:105E300000400140064B8000C3181B68C900920057
:105E40000A435A400C231340024A801803607047EB
:105E500004C0014004D00140064BC000C3181B68B9
:105E600009045940C0239B021940034BC01801602C
:105E70007047C0460440014004500140064BC0003A
:105E8000C3181B6809025940C0239B001940034BEB
:105E9000C01801607047C0460440014004500140F2
:105EA000064BC000C3181B6809035940C0239B015F
:105EB0001940034BC01801607047C04604400140C0
:105EC00004500140054B8000C3181B684B40012162
:105ED0001940034BC01801607047C04604C0014020
:105EE00004D00140054B8000C3181B6809015940CC
:105EF0003023034A0B4080180360704704C0014000
:105F000004D001408000002904D0054BC018402374
:105F100003607047034BC01840230360F9E7C04695
:105F200004E0014004F001400123D0228340120626
:105F300093629361084A83009A1811684022514085
:105F400080320A400549C0005B181A60044BC01833
:105F5000052343607047C04604C0014004D001409F
:105F6000004001400FB400B5084883B004F080F948
:105F7000049B002B07D005A91800019103F0E8FF4E
:105F8000034804F075F9012003F0FAFF54DA001019
:105F900054DB0010EFF3108072B6034A1368002B35
:105FA000FCD0BFF35F8F70472C0100D0BFF35F8F31
:105FB0000022024B1A6080F3108870472C0100D039
:105FC00070B58C461600EFF3108472B60F490B685B
:105FD000002BFCD0BFF35F8F6346DB08C518072298
:105FE000C05C63461A40012393401A0002400342FA
:105FF00007D118432870BFF35F8F0A6084F31088BD
:1060000070BD61463000FFF7ADFFC0462C0100D0E7
:10601000F8B5CE4647468C4680B51C00EFF3108895
:1060200072B61C490B68002BFCD0BFF35F8FA242F5
:1060300021D80723994602E00132944218D34946F9
:10604000012611408E40D308C718C35C1E42F3D10D
:10605000100033433B70BFF35F8F00220D4B1A607B
:1060600088F3108800280EDBC0BCB946B046F8BDE6
:1060700001204042EFE7BFF35F8F00230B6088F3FE
:106080001088012040426346002BEDD00898FFF7AE
:1060900069FFC0462C0100D0044A1078431CDBB2D3
:1060A000172B00D9102313707047C046843D002081
:1060B00000B5054B83B00100009318221F2303484D
:1060C000FFF7A6FF03B000BD64DA00103C4F0020CC
:1060D0000021044B044ABFF35F8F02C39342FAD1FD
:1060E0007047C046000100D0800100D0084B094A2B
:1060F0001360094A1360094A1360094A1360094A88
:106100001360094A1360094A1360094A1360704713
:106110008080808000E400E004E400E008E400E027
:106120000CE400E010E400E014E400E018E400E017
:106130001CE400E01F2318401E3B8340002905D0CB
:10614000C021044A4900535013607047802201491E
:106150008B50FAE700E100E001228240034B1B680C
:1061600013405A1E9341D8B27047C04600E100E088
:1061700010B5EFF3108C72B60F4A1368002BFCD0E9
:10618000BFF35F8F0D4B10309B6880001B580C4A8B
:10619000934201D099420CD1084B9B681950BFF330
:1061A0005F8FBFF35F8F0022034B1A608CF3108860
:1061B00010BD01F07BFAC046240100D000ED00E0E4
:1061C000C1010010024BC918890001607047C04628
:1061D0004000003470B5114C114DAC420FD2FF2677
:1061E0002368002B0CD0FFF757FF01002000FFF7BA
:1061F000E9FFA680BFF35F8F0834AC42F0D370BDD7
:10620000FFF74AFF01002000FFF7DCFF2671BFF314
:106210005F8F0834AC42E3D3F1E7C046104400205E
:106220002044002010B50400FFF736FF01002000D5
:10623000FFF7C8FFFF232371BFF35F8F10BDC04678
:1062400010B504000120FFF733FF034BC018800096
:106250002060BFF35F8F10BD400000340A4B196807
:10626000EFF3108072B60A68002AFCD0BFF35F8F8C
:106270001B68BFF35F8F00221A6080F3108840BF55
:10628000002000217047C04604730220F0B5DE46AE
:1062900057464E464546E0B585B0EFF305830322E9
:1062A0001A40B34B91005F58012393409B460292E2
:1062B0005A468846AF4B1A60AF4B03935B46AF48D4
:1062C00043630823FE5E002E37DABB881BB2002B27
:1062D00000DBA4E0BB79002B00D0E5E00823F95EE9
:1062E000002920DB4B007A695B18DB00D3189D681E
:1062F000DC686B1C00D104E1A04801004144826AC3
:106300000B69AE1A9B1A9E4215D30123026A0298AA
:1063100083401A420FD0994800F01AFD8C4202DCEB
:10632000CCD18542CAD940BF05B0F0BCBB46B2460D
:10633000A946A046F0BD0D61EDE77A69730091466C
:106340009B19DB0099444B469C68DD6800F000FD1A
:106350008D42BADC00D1F6E0002D00DADBE04A46DF
:106360004B4652691B699246039A934200D1CCE096
:106370004A460821785E52880004514610439847E7
:10638000009001910099019A0B00134300D1C2E0E3
:1063900013000A00002B00DBD9E020002900801A3E
:1063A00099414B469860D96000229B5E002B00DA31
:1063B0008BE75D007C69EA18D200A218009494680B
:1063C000D268A2468A4200DD7FE702D1844200D92A
:1063D0007BE70824A4463B81BC44009C00972F0027
:1063E0006546B4463E0006E05E00F218D200A218F0
:1063F0009768D268BA468A4207DC00D1B4E0F31845
:10640000DB00E518E35E002BEEDA66464A46009FA5
:1064100013802E80BB881BB2002B00DA5AE73A6942
:10642000EFF3108172B61368002BFCD0BFF35F8FBF
:106430000123BE885B42BB8036B23B69BFF35F8FEE
:1064400000221A6081F31088002E00DA42E73B0038
:1064500008333A0099467D6973009B190824115F3F
:10646000DB004846EB18002913DB9C680093A44628
:10647000DC6806E0A34240D00023F95E3800002922
:1064800006DB4F007F18FF00EF19FB68A342F1DD28
:10649000009B068000201E5E1980002EDCDA1700AB
:1064A000BB79002B00D119E70023BB710823F95EEB
:1064B0004B1C00D137E73D000835AC467C6903E052
:1064C00084464B1C00D109E74B005B18DB00E01849
:1064D0000A00E15E43881BB2002BF1DA01256D4210
:1064E000EE178560C66008257B5F9342E9D063465E
:1064F00019803B8903803A81E3E7BB686345BBD9D8
:10650000C6E7631C00D0F7E605E7534650461B6913
:106510009847002823D14B461B883A693B81EFF30B
:10652000108372B611680029FCD0BFF35F8F494613
:106530007A880A803A697E80BFF35F8F00211160FC
:1065400083F31088C1E6844200D805E7BDE60B4816
:1065500000F0FEFB009B019CC018614121E75346FF
:106560000CCB009201930DE7824500D847E74CE73A
:10657000446E02203C7005408D62001000400540D2
:1065800070B52D4C2569002D04D00A212B48FFF74A
:1065900019FE70BD2A4E0321294800F0CFFBE660AA
:1065A000FFF77AFD274B0322C018D02322701B0669
:1065B0001B6801216370244B8000A3600F232061BE
:1065C0000220638063694942A180198002311986E3
:1065D00047311D83585218315A5275325C399952DD
:1065E0001832013199521832013199521832013161
:1065F0009952083518329D52023118329952183288
:10660000013199521832013199521832013199529F
:106610001832013199521832013199520B4B0C4901
:10662000DC6001303562FFF7A3FD01210320FFF795
:1066300081FD084B1D60A8E7903D002004730220F7
:106640000040054040000034FFFF1000446E02206F
:106650008D62001038600540F8B5050018200E0066
:10666000170002F069F8041E40D01821380002F02B
:1066700081F86061002836D03100280000F05EFB10
:10668000E560FFF709FD1A4B2670C018D0231B06E2
:106690001B688000637001235B422381A380FB1889
:1066A000206167816380002F0AD079006369C9196E
:1066B000C900104AC9181A80183301328B42FAD126
:1066C0000127B7400C4BB20030000C492F62D45068
:1066D000FFF74EFD01213000FFF72CFD084BED18B0
:1066E0002F602000F8BD200002F066F80024F8E7D3
:1066F00040000034FFFF0000446E02208D62001055
:106700003820000070B582B0009201930100026948
:10671000EFF3108472B61368002BFCD0BFF35F8FC9
:106720000223C85E0D6900283FDB4A69430016005A
:106730001B18DB00D218F35A4B80BFF35F8F002386
:106740002B6084F31088069B1361079B5361009BA9
:10675000019C9360D460538801335B045B0C1D1C67
:10676000002B20D0ACB20304558023430D69EFF316
:10677000108C72B62C68002CFCD0BFF35F8F8C8815
:10678000148088800A69BFF35F8F002010608CF34B
:1067900010880A7801309040CA6808495218106081
:1067A000180002B070BD0125DCE7BFF35F8F002346
:1067B0002B6084F31088013BF2E7C0463C200000C8
:1067C00010B543890A1493421ADD53009B1842699D
:1067D000DB00D3180469EFF3108C72B62268002A2C
:1067E000FCD0BFF35F8F5A88090494B2090C8A4227
:1067F00008D00369BFF35F8F00221A608CF3108802
:10680000002010BD094A22435A8001230269837186
:10681000BFF35F8F002111608CF310880278044968
:106820009340C268012052181360EAE70080FFFF1E
:106830003C200000F0B506000F0006246442E51776
:10684000A4197D4183B08D4212D80FD000F088FA90
:1068500022002B00121A8B41002B13DC002B41D09D
:106860003000390000F0BCFA03B0F0BD8442EDD92D
:106870000024002500F074FA22002B00121A8B412C
:10688000002BEBDD00F06CFA22002B00121A8B417A
:10689000002B0ADB00230193144B220000931448C1
:1068A0002B00FFF72FFF0130DAD02900114A1248E0
:1068B000536A994204D8956AA542D1D29942CFD160
:1068C0000568EFF3108C72B62B68002BFCD0BFF379
:1068D0005F8F0368BFF35F8F00251D608CF3108806
:1068E00020BFE5E7002ABBD0CCE7C0465D620010C0
:1068F000903D00200040054004730220F0B5C646DC
:1069000000B582B004000D0000F02AFA24184D41B1
:10691000002D02DA01242F4D644206267642F71735
:1069200036196F41AF4214D811D000F019FA320075
:106930003B00121A8B41002B15DC002B46D02000A7
:10694000290000F04DFA02B080BCB846F0BDA64266
:10695000EBD90026002700F003FA32003B00121AA0
:106960008B41002BE9DD00F0FBF932003B00121AED
:106970008B41002B0ADB00230193174B320000935D
:1069800016483B00FFF7BEFE0130D8D00023390087
:10699000B0469C46124A1348536A994204D8966AF4
:1069A0004645CCD29942CAD10668EFF3108772B639
:1069B0003368002BFCD0BFF35F8F0368BFF35F8F9A
:1069C00066461E6087F3108820BFE5E7002AB6D030
:1069D000C9E7C046FFFFFF7F5D620010903D0020C9
:1069E0000040054004730220F0B5C64600B582B0F1
:1069F000040000F0B5F9FA2206000F002000002381
:106A00000021920001F0E2FD8019794104000D1E81
:106A100002DA01242E4D644206267642F717361913
:106A20006F41AF4214D811D000F09AF932003B0008
:106A3000121A8B41002B15DC002B46D020002900B8
:106A400000F0CEF902B080BCB846F0BDA642EBD94A
:106A50000026002700F084F932003B00121A8B4117
:106A6000002BE9DD00F07CF932003B00121A8B416B
:106A7000002B0ADB00230193164B320000931648CB
:106A80003B00FFF73FFE0130D8D000233900B0466D
:106A90009C46124A1248536A994204D8966A46455F
:106AA000CCD29942CAD10668EFF3108772B6336828
:106AB000002BFCD0BFF35F8F0368BFF35F8F664688
:106AC0001E6087F3108820BFE5E7002AB6D0C9E72B
:106AD000FFFFFF7F5D620010903D002000400540F9
:106AE00004730220F0B5CE46474680B504000D0081
:106AF00085B0EFF305838946002B32D1404E3368D1
:106B000083422AD03F4FFB683A7898461800039298
:106B100000F01EF9039A131D42469B009B58220069
:106B20001B1A9C462B00121A8B41190000231000DF
:106B30008B4225DC22D020BF334B586A48452BD3EB
:106B4000401B9A6A431E98410023A2425B411843AE
:106B500005B0C0BCB946B046F0BD73688B42D1D118
:106B6000E9E7294900204B6AAB42F1D38A6A5B1BF3
:106B7000591E8B41A24240411843E9E78445DAD9C6
:106B800000F0EEF822002B00121A8B41002B05DAE0
:106B90001D4A536A4B4529D20020D9E700230193AF
:106BA0001A4B2200009338002B00FFF7ABFD0028A2
:106BB000EEDD154B30C65A6A4A4515D39B6AA3428F
:106BC00010D301003800FFF7FBFD0F4A0020536A85
:106BD0004B45BDD3926A5B1B591E8B41A24240417B
:106BE0001843B5E74A45ECD120BFEAE70020926A96
:106BF0005B1BA24240415A1E93411843A8E7C0467E
:106C0000883D0020903D0020004005405D6200105E
:106C1000F0B5C646110000B582B004000A9D1943C4
:106C200000D170E0D817060056400096060001001B
:106C30005E400196009E019F361A8F410096019793
:106C400008996B60099B2A60AC6029616B6100F058
:106C500087F82269EFF3108872B61368002BFCD016
:106C6000BFF35F8F0222A35E22699C461700002BB0
:106C700051DB62695B0016006344DB00D218F35AF3
:106C80006380BFF35F8F00233B6088F31088009E12
:106C9000019F36184F41244B3000136155613B1E54
:106CA00002DA0120214B4042D360538890600133C7
:106CB0005B045B0C191C002B2BD0634688B21B04B1
:106CC000034351802069EFF3108672B601680029F2
:106CD000FCD0BFF35F8FA18811806246A280226939
:106CE000BFF35F8F0021116086F310882278013195
:106CF00091400F48E268121801201160EB6002B069
:106D000080BCB846F0BD002301220092019300230D
:106D100096E70121D1E7BFF35F8F0023136088F36B
:106D200010880020013BE9E78D620010FFFFFF7F24
:106D30003C200000004870470040054010B5024A62
:106D40000248FFF73DF910BD80DA0010404F0020E7
:106D50000300416A0A00986A596A8A42FAD1704768
:106D6000034B596A0A00986A596A9142FAD17047EE
:106D70000040054070B505000E00184A536A19001E
:106D8000946A536A8B42FAD1200019002C00350016
:106D900024184D41AB4216D813D0104B2A005B6A21
:106DA0009D4203D90D494B6A9342FCD3934207D1CC
:106DB0000A4A02E0516A994202D1916AA142F9D38A
:106DC00070BDA042E9D9054B5B6A1C005A1CEFD08C
:106DD000012201246442E5175242E3E700400540E6
:106DE000064A536A9942FCD807D1044B02E05A6A1A
:106DF000914202D19A6A9042F9D87047004005400A
:106E0000F8B5DE464E4645465746E0B505008B468A
:106E100018000A99914600F0B5FD0A9B6C001E020D
:106E20006419304BA400E418636880469E4200D980
:106E300066602F1FFBB29A46012B2FD9C0238022F8
:106E4000294FAD009B0179591201E3181A600029FE
:106E50001BD14B4622685B015340E0221340802245
:106E60005201A21813605346012B2FD98023802290
:106E70009B01E31812011A60434666607B51F0BC27
:106E8000BB46B246A946A046F8BD786900F07AFD37
:106E9000013043001B18033BFDD2DAE75B46012BB0
:106EA000CCD1C02303229B01E3181A60023AA368E5
:106EB0001A42FCD04A46236852015A40E02313404C
:106EC00080225201A218084F1360AD0058460323D8
:106ED000216841400B40136001228240A3681A429E
:106EE000FCD0C3E700800040484F0020F0B5D646F4
:106EF0004F464646440098462418324BA400E418F6
:106F000063688A469146C0B5FF2B02D880235B0098
:106F10006360061FF6B2012E2FD9C02380222A4FAC
:106F200085009B0179591201E3181A6000291BD1D1
:106F30004B4622685B015340E022134080225201FD
:106F4000A2181360012E30D9802380229B01E31800
:106F500012011A6080235B00636043467B51E0BCF2
:106F6000BA46B146A846F0BD786900F00BFD013085
:106F700043001B18033BFDD2DAE75346012BCCD16B
:106F8000C02303229B01E3181A60023AA3681A4245
:106F9000FCD04A46236852015A40E0231340802225
:106FA0005201A218084F1360850050460323216840
:106FB00041400B40136001228240A3681A42FCD07A
:106FC000C2E7C04600800040484F0020014B8000CF
:106FD000C0587047484F0020F0B5C64600B55B4B1F
:106FE00015005A6884460F0082B0FF2A02D880221A
:106FF00052005A600322564B54481A60012382689B
:107000001342FCD0202201685140C0320A4051494D
:107010000A6002684D485A40032313400B60022364
:1070200082681342FCD0802280264B4B12011A60EA
:107030004A4C4B4B760046606246636101213B003F
:1070400048480095E04600F0E5F9290040467943BC
:1070500000F098FC444B05005A68FF2A00D85E6097
:107060008022424B12011A602169002907D0606911
:1070700000F088FC013043001B18033BFDD2E023E5
:10708000394A3B4811680B4003600223116859409C
:1070900001330B400421036093681942FCD0802126
:1070A000344B090119608021334B49005160236141
:1070B000264B5A68FF2A00D8596003220121244B2D
:1070C0001A60224A93681942FCD0E02310680340FA
:1070D00020480360126803234A40022113401B4AE0
:1070E000036093681942FCD080211B4B0901196091
:1070F0008021224B4900516065615A68FF2A00D8FF
:10710000596080221E4B12011A60A169002907D024
:10711000606900F037FC013043001B18033BFDD2CF
:10712000402316490A685A40A0331340154A136099
:107130008022154B12011A6080235B004B60084BC4
:10714000A36102B080BCB846F0BDC0463C800040A0
:107150003CB000403C9000403CA00040484F002024
:10716000006CDC02008002403080004030B0004003
:107170003090004030A00040001BB7004880004025
:1071800048B000404890004048A00040F0B5454657
:107190008046A02057464E46DE461C00984B4000D5
:1071A00081469A46E0B585B0019102920394954BD1
:1071B0009A4509D901235B429944934B9A444B4623
:1071C0000F2BF4D100208EE00725904C54442F0063
:1071D0006F432000390000F0D5FBAB466E1E4045E2
:1071E00053D07543200029002F0000F0CBFB8045D1
:1071F0005CD04346751EA8461D005B46FF1A390049
:10720000200000F0BFFB85425DD0B31E9846022EE1
:1072100000D1BAE05B46FF1A3900200000F0B2FB53
:10722000854267D0F31E9846032E69D05B46FF1A4D
:107230003900200000F0A6FB854200D176E0331F24
:107240009846042E00D178E05B46FF1A39002000F2
:1072500000F098FB854200D17EE0052E00D180E051
:107260005B462000F91AA84600F08CFB06258045F5
:10727000ADD10029ABD1CA460199D946029A039CE7
:10728000053D28E02B00454698463900200000F0D7
:1072900079FB002900D1A4E06E1EAB4675432000A7
:1072A00029002F0000F06EFB8045A2D1390020009C
:1072B00000F068FB00299CD1CA463500D9460199E7
:1072C000029A039C07E000299FD1CA464546D94649
:1072D0000199029A039C50464D4B43430B604B4629
:1072E00001201360256005B0F0BCBB46B246A9463C
:1072F000A046F0BD0029E8D0F31E9846032E95D194
:107300000323092120000927984600F03BFBA842EF
:10731000B8D00323062120009B460226033F00F03D
:1073200031FB854248D00123984666E70029CCD03E
:10733000331F9846042E00D086E723099D4256D07D
:107340000C2720003900B346013E00F01BFB8542AC
:1073500032D00223984650E70029B6D0052E00D03F
:107360007EE719212000192700F00CFB85422DD063
:1073700014212000053F00F005FB854217D00523AE
:107380009B46023B0426984637E7A846A1088D4253
:1073900014D061088D421CD0444500D00AE7012377
:1073A000CA46012599460199029A039C93E7052351
:1073B000A8469B46042679E7A84677E70223CA46F3
:1073C000022599460199029A039C84E7A84605255F
:1073D0005BE70223CA46012599460199029A039C5C
:1073E00079E7CA460199A946029A039C73E70423E8
:1073F000CA461D0099460199029A039C6BE7C04654
:1074000050262F0050F80C0020D1FFFFB0710B0068
:10741000001BB700F0B5C646040000B523481600AF
:1074200098460D0000F0AEFA0100300000F0AAFA14
:107430004346069A1B04120313439C462368060026
:10744000002B22DB1A4B1B48E218531E9A41802363
:107450005242120B9B011203D218174B1A60174BA2
:107460001A60130001688B43FBD12122144B256065
:10747000E318A6601A602268002AFCDA6246E2601D
:1074800008221A6080BCB846F0BD3F232268134032
:10749000AB42D7D1A3681B051B0D8342D2D1EE228C
:1074A000E368D20213406345CCD1EBE7001BB70081
:1074B0000040FDBF08C0004000E0004000F0004078
:1074C00004300000024B1A68024B5A607047C046F5
:1074D0004854022000800540194B1A4A10B5DA6161
:1074E0008022194BD2051A60184C194A14600029E1
:1074F0000AD0E022174BD2041A60002809D180225A
:10750000144B12061A6010BDE022D2041A60002843
:10751000F5D043011B1A9B001818802300015B045F
:10752000984209D203000C4A13608022044BD20512
:107530005860084B1A60E6E7084B1800F3E7C046AE
:10754000008005402131B76A00B00540FCFF010012
:107550000820014000A0054048540220FFFFFF0022
:107560008022024BD2051A607047C04600B0054029
:1075700010B580241C4BE4051C6000281AD00123A0
:107580001A4C18431A4BDC611A4C44401C62596275
:1075900098628021144BC905196017481749086083
:1075A000E021C9041960002A07D18022144B120679
:1075B0001A6010BD0E4BD861EBE753019B1A9B007C
:1075C0009A18802312015B049A4209D213000D49D4
:1075D0000B60074B5A608022094BD2051A60E8E71E
:1075E000094B1A00F3E7C04600B00540D3C007B00E
:1075F000008005402D3FF84FFCFF010008200140AE
:1076000000A0054048540220FFFFFF008023024AEB
:107610009B000B43D362704700800540002310B5E8
:107620000100988A1B8B984710BDC046162310B5E1
:10763000010018885B88984710BDC046F8B54746DA
:10764000CE4680B50F1E18D014239946043304008B
:107650000025012698464B461888434621681B881A
:10766000984701C4431E984101350640AF42F2D10C
:107670003000C0BCB946B046F8BD0126F8E7C046A8
:10768000AA23064A1B0113608D235B00D3600449C3
:10769000044B19605368002BFCDA7047004002402D
:1076A00000B0FA00006002407047C04610B50148C3
:1076B000FEF758FCA4DA001070B5074D074EB5422E
:1076C00009D20024013E761BB608013608CD0134EC
:1076D0009847B442FAD170BDA8D90010E8D900107B
:1076E00070B5074D074EB54209D20024013E761B06
:1076F000B608013608CD01349847B442FAD170BDBE
:10770000DCD90010E8D90010054B064A06491A607A
:10771000064A074B1A6010000B689843FBD170476C
:1077200000E00040BFCDFBFE08C00040FE7F3C00F3
:1077300000F00040044BDB6C002B03D18022034B94
:10774000D2021A607047C046000011504C20115000
:10775000044A054B1A60054A1368DB018033FBD1EC
:107760007047C046FFFFFF0100F0004008C0004026
:107770004022034B9A675A671A67DA667047C04619
:1077800000F0014010B5FEF7A3FC10BD70B527490D
:10779000274E284D761AB4082200302C00D930220A
:1077A0002800920001F026F82F2C3BD823002A3B1A
:1077B000214A052B1BD93020AE197107001B26006A
:1077C000CB0F002902DAA1006A50661CC01AE31828
:1077D0009B004108EB18C900C9181A605A600833A9
:1077E0008B42FAD1012303421CD098438419A30091
:1077F000EA50631C2F2C15D09B00EA50A31C2E2CA2
:1078000010D09B00EA50E31C2D2C0BD09B00EA50BB
:10781000231D2C2C06D09B00EA50631D2B2C01D07D
:107820009B00EA50054B9D6070BDC04600010010F2
:10783000C001001000000020C101001000ED00E0B8
:10784000002310B5294C82B0A367FFF719FF01226E
:10785000274B1A60636C012BFCD10322254B1A6065
:10786000224A936B012BFCD1013300930121224A60
:1078700022480433FFF7CEFD052301210093204A5F
:107880002048FFF7C7FD0022022104201E4BFFF70E
:107890002DFB0022012105201C4BFFF727FB0022B6
:1078A000002107201A4BFFF721FB002200210820AE
:1078B000174BFFF71BFB8023DB0000930022002106
:1078C0000920134BFFF79CFA0022104B00210620E1
:1078D000FFF70CFB0420FFF779FB0E4900F052F88C
:1078E00001000020FFF792FE02B010BD00800040B2
:1078F0003CB0004030B00040002F6859008002408A
:10790000008C864700C00240001BB7004059730737
:10791000006CDC0240420F0001480421014B184773
:10792000B03D00203D760010014B9B6818470000D9
:10793000B03D0020124A936F9B0815D29066D16625
:10794000002905D0FFE7FFE7FFE7516F106F704791
:1079500004B580210906C2175140002800D0C84351
:1079600005F0BAFF002104BDF0B5146E556E576FD7
:10797000166FFFF7E3FF1466556657671667F0BD8D
:10798000000000D0114A936F9B0813D21066516615
:10799000002905D0FFE7FFE7FFE7516F106F704741
:1079A00004B5002801D00020C04305F095FF002158
:1079B00004BDC046F0B5146E556E576F166FFFF7D5
:1079C000E5FF1466556657671667F0BD000000D0E6
:1079D00094464A4A926F9208624601D228E0C04615
:1079E000F0B5464E346E756E776F366F00F020F846
:1079F0009446424A14665566576716676246F0BD5C
:107A000094463E4A926F9208624601D254E0C046C4
:107A1000F0B53A4E346E756E776F366F00F04CF8F5
:107A20009446364A14665566576716676246F0BD37
:107A3000002B24DB11D000293EDA00B5C9434042B7
:107A400000D1013100F038F8C943404200D1013182
:107A5000DB43524200D1013300BD002AEBD10028A4
:107A600001D1002905D00020C90FC90701D1C043A9
:107A7000410800B505F010FF0022002300BD00B54D
:107A800000290ADBDB43524200D1013300F014F835
:107A9000C943404200D1013100BDC943404200D139
:107AA0000131DB43524200D1013300F005F8DB43E2
:107AB000524200D1013300BD002923D1002B18D13F
:107AC000002A0CD0BC460D4F38667A660021002390
:107AD000FFE7FFE7FFE77A6F386F674670470028D8
:107AE00001D00748010000B505F0D6FE00220023B2
:107AF00000BD02000B00002000217047000000D0F4
:107B0000FFFFFFFF002B00D0BFE0130C28D1002A9D
:107B1000E7D080B4114F39667A66FFE7FFE730B4EB
:107B2000040C7B6F396F1B0423433B667A66FFE7C7
:107B3000FFE7FFE7C04684B27B6F3D6F1B04234322
:107B40003B667A66FFE7FFE7C04600232C042D0C56
:107B50007A6F386F00196941B0BC7047000000D0DF
:107B6000F0B594460025140E01D112020835140F09
:107B700001D112010435940F01D192000235D40FC6
:107B800001D152000135D40B0134254F7C66254CC0
:107B90003C660E0C93B2FFE7FFE7FFE73C6F6643DE
:107BA000360C7703BE467343DF0B5B04C01AB94142
:107BB000130C7343DB18C91ACE086643360CB6445F
:107BC00093B273431F0F1B01C01AB941130C7343C7
:107BD0001F0B1B05C01AB941860D8F023E43664339
:107BE000360C092D24DB520A7243801A7703460AA9
:107BF0006643360C16235B1BDE40DF40BF1964462C
:107C00006643821B7046043506330100D940A84004
:107C1000C01900D30131A24206D20023F0BD0000FA
:107C2000000000D0FFFFFFFF121B0130F3D3F1E78C
:107C300009277F1BFE406446A2B27243801A00D21D
:107C40000139220C7243130C1204821A99410B0061
:107C50007046043513370100F940A840801900D35D
:107C60000131002B02D1A2420AD2F0BD013000D373
:107C70000131121BFAD2013BF8D1A24200D2F0BD71
:107C8000013000D30131121BF7E7F0B51C0C00D016
:107C900080E00CB400251C0A04D11B02160E3343ED
:107CA000120208351C0B04D11B01160F33431201BD
:107CB00004359C0B04D19B00960F33439200023590
:107CC000DC0B02D192185B4101351C00971864410E
:107CD0000134464F7C66464C3C660E0CFFE7FFE7DE
:107CE000FFE7C0463C6F6643360C7703BE4697B24B
:107CF0007743C01B00D20139C01B00D201399FB2AB
:107D00007743C91BC91B170C77437E04FF0B801BED
:107D1000B941CE086643360C0C2D33DBB644120B4A
:107D20001F053A431B0B97B27743C01B00D20139A2
:107D30009FB27743C91B170C77433E043F0C801B4F
:107D4000B941860D8F023E43664329277F1BFE40C3
:107D50000C3D7746AF40BF1930BCA2B2ABB2724304
:107D60007343801A9941220C7243130C1204801A37
:107D7000994102000B000137001BA941F9D2781E7E
:107D80000021F0BD0C277F1BFE4077467F0BAF40E4
:107D9000FF19E0E700245D1C07D0144F7D663966AB
:107DA000FFE7FFE7FFE7FFE73C6F95B29EB2654351
:107DB0006643401BB141150C1E0C654366433604F7
:107DC0002F0C3E432D04401BB141994204D20200C6
:107DD0000B0020000021F0BD01D19042F7D3801AA2
:107DE000994101349942F2D3F6E70000000000D037
:107DF000FFFFFFFF48404140484018B41B4B5B6801
:107E0000FC46019308BD04DF9F80001018B4174B97
:107E10001B68FC46019308BD00DFA9800010944652
:107E2000134A926F920809D2624618B40F4BDB686E
:107E3000FC46019308BD0CDF618300100C4AF0B5CD
:107E4000146E556E576F166F6246FFF7EEFF084AC5
:107E50001466556657671667F0BD18B4034B9B68E8
:107E6000FC46019308BD08DF05820010184600207B
:107E7000000000D0FFB550404240504059404B40B8
:107E8000594000E0FFB5154F4C00640D03D0BC42D3
:107E900004D10C0314D80020090D09055C00640D01
:107EA00003D0BC4204D11C030AD800221B0D1B05C1
:107EB00001264B4009D44B4003D58B4200D182426E
:107EC000FFBD9942FCD19042FFBD0B43DB18034339
:107ED0001343F5D0C9434918FFBD0000FF07000058
:107EE00000B5FFF7CFFF804100BDC04600B5FFF7EA
:107EF000C9FF01D9002000BD012000BD00B5FFF77A
:107F0000B9FF01D9002000BD012000BD00B5FFF779
:107F1000B1FF804100BD012040054A00121804D87D
:107F20005A00121801D80020704701207047000045
:107F30000021002805D17047C1174840401AFAD0E7
:107F4000C90713B5064B1B6898470CBC441CA240DC
:107F50001005120B0349091B09051943114310BDF4
:107F6000007302201F04000010B54C00620D802336
:107F7000D218DB00D21A5B057E2A10DD9E3A13DA96
:107F8000CC170903490819435242D1406400013417
:107F90001532202A05DAD0400843604310BD002086
:107FA00010BD0846604310BDC80FC018013810BD91
:107FB00018B4044B5B6AFC46019308BD24DF1185AD
:107FC0000010000018460020132370B51D78012D05
:107FD00019D014DD1F48FFF729FB06001E48FFF7E4
:107FE00025FB1E4C80223100200000F003FC022DF6
:107FF0002DD01B48FFF712FB1A4B186070BD1A4BAF
:10800000164CA364F5E7184B144C23606360A3601F
:10801000E36023616361A361E36123626362A3623E
:10802000E36223636363A363E36323646364A3641E
:10803000E36423656365A365E36523666366A366FE
:10804000E36623676367A367E367A364D1E7064B2F
:10805000A364CEE7534400005346000018460020B6
:108060004C330000007302206D80001007B560469D
:1080700001880A0A0230DF2AFAD1C9B2820804D381
:10808000028840880004104300E00068014A505014
:10809000039007BD184600200FB403BC0CBCF0B51C
:1080A0000124E407634000E0F0B50C0DCF0F661E1D
:1080B0003605891B640503D3C943404200D301310F
:1080C000640D03D0661CF60A07D0E41B00207F0075
:1080D000791C89078912803C24031D0DDF0F6E1E59
:1080E00036059B1B6D0503D3DB43524200D301339E
:1080F0006D0D03D06E1CF60A07D0ED1B00227F0029
:108100007B1C9B079B12803D2D032F1B661B58D4A5
:10811000A446202E46DA20371400BC401D00BD4086
:10812000F24033412A4380185941CB0F05D0C9434F
:10813000C043002264425041514162464D0D28D156
:108140000D0D07D100281FD0241940414941013AA3
:108150000D0DF9D0640006D3013000D30131002C9D
:1081600001D140084000013A0BD4941CE40A04D128
:1081700012051144DB071944F0BDD907204B194300
:1081800000E0D9070020F0BD0029DDD1002CDBD1B3
:10819000F0BD0132C6074008CD0728434908002E2C
:1081A000E1D0D9E73C2E29DA203E40371400BC400C
:1081B00000D00124F24014431A00BB401C43D317E3
:1081C000ACE7AC46202F08DA20360400B4400D009E
:1081D000B540F84039412843A5E73C2F0CDA203F51
:1081E00040360400B44000D00124F84004430800A5
:1081F000B1400C43C117EAE710001900002494E7CE
:108200000000F07FF0B50C0D661E3605891BE60AEE
:108210006405640D02D0651CED0A04D00020012124
:108220000905803C2403A4461C0D671E3F05DB1B8B
:10823000E70A6405640D02D0651CED0A04D0002233
:1082400001231B05803C24037740644497B484B227
:1082500096B27443070C7E43150C6F4380B268439B
:10826000361802D3012000043F183004350C0019E1
:108270007D41844688B29AB250430C0C62431F0C75
:108280007C438EB27E43921902D301263604A41990
:108290001604170C3618674101BC81B29AB25143DB
:1082A000040C62431B0C5C4380B25843121802D387
:1082B0000120000424181004130C401863412D18E9
:1082C0005E410020474106BC88B293B258430C0C73
:1082D0006343120C544389B251435B1802D301210A
:1082E0000904641819041A0C091862416D185641E2
:1082F0000020474118BCF902720D1143F0026A0DCB
:108300001043ED020A0D03D16D1940414941013B73
:10831000124E9B1B7600B3420ED26D0007D3013084
:10832000002671416646354301D1400840001B05D7
:10833000C918E4072144F0BD0BDA013306D101303E
:1083400004D101314F0D01D04908F2E7E1070020C7
:10835000F0BD013631050020EBE70000FF0300000F
:10836000F0B51C0D671E3F05DB1BE70A6405640DB5
:1083700002D0661CF60A04D0002201231B05803CB3
:108380002403D0252D060026F6432E661E096E66B0
:10839000CE0FF619B44649004F0D02D07E1CF60AE6
:1083A00003D000200021403F3F033E1BB600B444F1
:1083B000013F7F05C91B49082E6F013676089C02D4
:1083C000950D25437543ED137543AD1301356D10C0
:1083D000F603761B0CB4CC02450D2C43A2B2B3B20B
:1083E0005A43270C7B43350C6F43A4B26C431B19D3
:1083F00002D3012424043F191C041D0CA4187D4140
:1084000024196D41009A91B2ACB26143170C7C43C0
:108410002B0C5F4392B25A43A41802D301221204D8
:10842000BF182204230C52187B41019C6C431B197A
:10843000520ED9010A434401A01A81B2B2B251438B
:1084400003145A43360C734387B27743D617D219B5
:1084500000277E4136049B191704160C7F185E41D5
:108460007316ED18F301002680337541A90F06D16C
:108470006400690AE8055B0A184309D22FE0042268
:10848000944480337541A90AA8059B0A184326D352
:10849000404149412404009A019B0D005543641B4F
:1084A0004343E41A95B286B27543170C7E43030C1E
:1084B0005F4392B25A43B61802D301221204BF1886
:1084C0003204330C52197B4152429C41002C02D49D
:1084D0000022013051414008CA071043490802B048
:1084E0006246D7079210084BD218084B9A4203D223
:1084F00012058918C919F0BD0020002A01DC3900D5
:10850000F0BD01331905F5E7FD030000FE0700008B
:10851000002200B5203200F004F8080000BD000081
:1085200000220B150AD410B5944600F031F814144B
:10853000013400DA0021CB17144C20470020002121
:1085400070476244343A0CD40C2A07DA0400914094
:10855000904052422032D440214310BDD843D943E9
:1085600010BD203207D40C469440524220321141B3
:10857000D040204310BD0800C917203203D4524216
:108580002032104110BD1800190010BD43850010A5
:108590000A0DCC0F531E1B05C91A520503D3C9433C
:1085A000404200D30131520D03D0531CDB0A07D0E7
:1085B000121B00206400611C89078912803A120393
:1085C000014BD21A70470000FF03000051434343A0
:1085D000C9188C46110C83B24B4310B4040C614390
:1085E00092B280B2504362431C041B0C001910BCB1
:1085F00059411304120CC0185141614470470000E6
:108600004840414048400E4B5B6818470C4B1B6884
:1086100018470C4A936F9B0802D2094BDB68184736
:10862000F0B5146E556E576F166FFFF7F6FF054ADB
:108630001466556657671667F0BD014B9B6818476F
:1086400018470020000000D0491A002808D1084629
:1086500070470000C10FC90700D54042002817D05D
:10866000F44603B40B4B1B68984706BC81409E3808
:108670004042803107D20B0607D04900490AC005A5
:108680001043084360470130F8E7490A8902F5E7DB
:108690007047000000730220014B5B6A184700001E
:1086A00018470020132310B51C781348FEF7BEFFAF
:1086B000012C0BD004DD01008022104800F09AF854
:1086C0000F48FEF7ABFF0F4B186010BD0B4C0100BD
:1086D0005422200000F08EF80B4B6365A365E36520
:1086E00023666366A366E36623676367A367E3673E
:1086F0002362E361E4E7C0465346000018470020C8
:108700004C330000007302200D87001007B560464F
:1087100001880A0A0230DF2AFAD1C9B2820804D3DA
:10872000028840880004104300E00068014A50506D
:10873000039007BD1847002070B504000A4E3000B2
:1087400005F0C2F8200004F033FC0500300005F00D
:10875000CBF8002D05D0054B2C199C4201D82800E0
:1087600070BD0348FDF7FEFB10440020000004200C
:10877000B0DA0010F8B507000C000C4E300005F020
:10878000A3F82100380004F0ADFB0500300005F02F
:10879000ABF8002D06D07C43054B2C199C4201D828
:1087A0002800F8BD0348FDF7DDFBC046104400205B
:1087B00000000420B0DA001070B50500054C200060
:1087C00005F082F8280004F0FDFB200005F08CF88D
:1087D00070BDC0461044002001480421014B1847D9
:1087E000C03D00203D760010014B1B68184700007B
:1087F000C03D0020014B5B6818470000C03D0020D1
:108800007047C046F8B5DE4657464E464546E0B589
:1088100099460D9B0700884693469B0728D00B9BE3
:10882000002B3CD016000B9C0A9D3619321B013CD4
:108830004B464146285DB847002CF7D135000D9BCB
:108840009B070ED55B46EC1A0C9BA34209D91E0070
:108850002A004B46414620200134B8470135B44236
:10886000F6D32800F0BCBB46B246A946A046F8BDE8
:108870000B9B0C9A934214D213005D460C000B9A8A
:108880009E1A76192A004B46013521002020B84750
:10889000B542F7D10B9BA046002BC4D1E1E71500F0
:1088A000CDE75E46002BBED15D46DAE7F0B54F4618
:1088B000D6464646C0B584B09C460EAB1F78129B88
:1088C0009146BA460D9C109E119D9B074CD4002DDD
:1088D00041D1B44248D20123129F1F40B8460C9B9D
:1088E0005F1E302303E001343B55A64201D9202C02
:1088F000F9D14346002B00D187E00C9B5F1E30234B
:10890000A54204D830E001343B55AC422CD0202C99
:10891000F9D1129BDB060DD5129B5B0557D4A642FD
:1089200067D0A54265D00F9B102B53D0022B5BD094
:10893000202C36D12023129C01930C9B4A46009395
:10894000039463460295FFF75DFF04B0E0BCBA46AE
:10895000B146A846F0BD0123129A13409846012360
:1089600013422DD1B442BAD3129BDB061ED5129B03
:108970005B05D8D4002CD2D10F9B102B60D00F9B5D
:10898000022B71D0302301240C9A13705346002B14
:1089900011D1129B5B0740D52B260C9A631C1655F0
:1089A000C9E72300013430260C9AD654202CC1D0BC
:1089B0005346002BEDD02D260C9A631C1655BAE7B2
:1089C000002F34D0013DB44200D288E795E70F9BD9
:1089D000102BAFD1129B9B063CD5202CAAD058233C
:1089E0000C9A13550134A3E7202CA3D023000134A3
:1089F00007E0631E012CBFD00F9A102A36D0022A3E
:108A0000D1D162260C9AD65492E7129BDB06CDD5C3
:108A1000129B5B0500D482E785E7129A23001607B4
:108A200000D488E720260C9A0133165583E70C23DF
:108A300013405F1EBB41ED1AB44200D24FE75CE722
:108A4000129B9B060ED478230C9A022413703023B9
:108A500053709BE7202C00D16CE778230C9A1355B8
:108A6000013465E75823EFE76033EDE70C9AA61E63
:108A7000B618129A920602D55822327093E77822DD
:108A8000327090E710B5002800D110BD01F0A6FBB0
:108A9000FBE7C04610B5002803D04A680B681100F8
:108AA000984710BDF0B54E46DE4657464546E0B500
:108AB00095B083468946924698461E9A1F9B1000A1
:108AC0001900209EFFF727FA002800D0D2E11E9857
:108AD0001F990122C44B5242FFF702FA002800D02E
:108AE00001E11E981F990122C04B5242FFF70EFA76
:108AF000002800D0D6E01E981F990022BC4BFFF73B
:108B000005FA002800D0B5E01E981F990022B94B45
:108B1000FFF7E6F9002800D0ACE01E981F9900226C
:108B20000023FFF7DDF9002800D0D1E000230B93EC
:108B3000229B5B0500D406260024302306E006AA0B
:108B4000013417321355013E202C01D0092EF6D8DE
:108B50001E981F99FFF708FAA74BF2009B180CCB41
:108B6000050008920993FFF7E7F902000B001E9831
:108B70001F99FFF742F9089A099BFFF76EF90690D3
:108B80000791FFF715FA0700FFF7D2F902000B0073
:108B900006980799FFF731F90022984B0690079144
:108BA000FFF7B4F9002800D1E9E001373800FFF7FA
:108BB000BFF902000B0008980999FFF797F9002800
:108BC00001D000270135002E00D1B7E0069513E053
:108BD000172306AA9B180A21380001341D19FEF735
:108BE000D1FE3031297038000A21013EFEF7CAFE5D
:108BF000092F00D8E1E00700202CE9D1069D2024B0
:108C00000CAB0693172706ABFF180DE028000A21CE
:108C1000FEF790FE01343031280039550A21FEF765
:108C200089FE051E00D1B7E0202CEFD10323229A44
:108C30001340012B17D1219B002B14D00B9B002B31
:108C400000D1E3E0219B013B2193202B0BD9302362
:108C5000219A06E006A9013417310B55944200D33E
:108C6000A0E0202CF6D1229B01940393219B029338
:108C7000069B21E0229B52460493219B4946039385
:108C800058461E9B1F9C029600930194434600F099
:108C900043F90400200015B0F0BCBB46B246A9461B
:108CA000A046F0BD229B5B070FD40322544B2299B0
:108CB00001920391219902910093524643464946FD
:108CC0005846FFF79FFD0400E4E704224D4BEEE712
:108CD0001E9A1F9B00200021FFF78FF801231E9092
:108CE0001F910B9324E70223229A54461A40229B99
:108CF00006929B0700D1ACE02600434D08942F1F3D
:108D00003200E87843464946013DD8470136BD4226
:108D1000F6D1089C069B0434002BBBD05746219A01
:108D2000E31B9A42B6D9150022004346494620204B
:108D30000134D847E31BAB42F6D3ABE72800FFF77B
:108D4000FBF802000B001E981F99FFF756F82B4BFB
:108D5000002206000F00FFF7C3F80CAB06930028B3
:108D600000D04FE7002230003900244BFFF7CEF847
:108D7000002800D046E7012301359D4342E7002249
:108D8000069807991D4BFFF7ABF8002800D01AE7AB
:108D9000002F59D1013716E70323229A1340012BE4
:108DA00000D1A6E0202C00D15DE70B9B002B3AD030
:108DB0002D23069A1355013455E7069D202C00D12A
:108DC0001DE73023361906E006AA01341732135581
:108DD000202C00D113E7A642F6D12E230CAA013491
:108DE000069293550EE7C046FFFFEFFFFFFFEF7FB0
:108DF00065CDCD4165CDCDC1D8DD00100000E03F8F
:108E000014DB00100CDB00101CDB00100C23229A7A
:108E1000134257D0219B013B2193A34200D916E76F
:108E2000202C00D11FE7229B5B0704D52B23069A39
:108E30001355013417E7229B1B0700D413E72023A7
:108E4000069A135501340EE7FB0700D4BBE6013741
:108E5000B9E6219B042B00D84EE755464F46043C0B
:108E6000E4182A004346013539002020D847AC4297
:108E7000F7D141E70227229B55461F409B0726D08A
:108E800006975F46234EEC1C2A00B07843464946BD
:108E90000135B847013EAC42F6D1069F002F00D104
:108EA000F8E65746219AE31B9A4200D8F2E61500ED
:108EB00022004346494620200134D847E31BAB42F9
:108EC000F6D3E7E6219BA34200D9C0E6CBE6219B7F
:108ED000032BD5D9069754464F46033DED18220083
:108EE0004346013439002020D847A542F7D1069FD8
:108EF000C6E7219B002B00D154E70B9B002B85D0AC
:108F0000219B013B21939C4200D2A0E6202C00D063
:108F10004EE7A8E618DB0010F0B54546DE4657469A
:108F20004E46E0B59BB0249C259D824688469346DC
:108F3000994622002B0020002900FEF7ECFF0028B4
:108F400000D0C1E00122200029007C4B5242FEF7F4
:108F5000DDFF002800D0B7E0012220002900784B77
:108F60005242FEF7BDFF002800D0ADE000220023F2
:108F700020002900FEF7B4FF002800D0BBE10894D0
:108F80000995089809998023289ADB001A400F92C6
:108F90008022289E1201164032000E96289E0F0055
:108FA0000A901E4200D0A4E00B00034300D0CBE0A7
:108FB000002A00D012E23200063326930223134027
:108FC0000C930223134200D00AE2279B042B00D209
:108FD00015E200270426043B0E9300220023200004
:108FE0002900FEF77DFF002800D0C8E1554B289AE4
:108FF000134004930E9B0393269B0293089B099CAA
:109000000093019441464B465A465046FFF74AFDAD
:1090100002002020289B0025034059424B415B421F
:109020001840531C089341464B464530D047FB1728
:10903000FC185C40FB0F1F270A93731E0E930AABAC
:10904000FF1806E020000A21FEF79CFC0400202DFA
:1090500008D00A212000FEF795FC01353031795502
:10906000092CEFD8052306930E9B56460593002343
:1090700004930A3303930A9B4146029312AB009375
:1090800030004B46089A0195FFF710FC0C9B002B13
:1090900028D05F46279BC41BA34223D982461D00CC
:1090A0003A194B46414620200134B047A542F7D833
:1090B00050465946279C421A01320023944200D35D
:1090C00095E1013018180DE0289B00940195049358
:1090D000279B0393269B02934B465A464146504694
:1090E000FFF7E0FC1BB0F0BCBB46B246A946A04669
:1090F000F0BD01432AD10E9B3200002B00D15DE769
:109100000027269B0026BB4200DD82E100220023CF
:1091100020002900FEF7E4FE002800D04BE1289B48
:10912000084A02961A408023DB0013430493279BCE
:109130000393089B099C00930194CDE7FFFFEF7F09
:10914000FFFFEFFFFFF7FFFF06232693B24B7800E8
:10915000400DC018FEF7F0FEB04AB14BFEF77DFEA1
:10916000B04AB14BFEF752FE3F03B04B3F0B3B43BF
:109170000C900D9100220A981900AD4BFEF73DFEB0
:10918000AC4AAD4BFEF769FE02000B000C980D993E
:10919000FEF73CFEFEF7E8FE0700FEF7CDFEA74A0D
:1091A000A74B0A900B91FEF758FE0022A54BFEF745
:1091B0002DFEFEF7D9FEA44A06000A980B99A34B90
:1091C000FEF74BFE0A900B913000FEF7B5FEA04A69
:1091D000A04BFEF742FE02000B000A980B99FEF727
:1091E0000CFE02000B000A900B91FEF736FE0C906D
:1091F0000D910A980B9902000B00FEF707FE002262
:10920000109011910C980D99934BFEF708FE0022D7
:10921000924BFEF7FBFD02000B000C980D99FEF738
:10922000FEFD00228E4BFEF7F1FD02000B000C98B4
:109230000D99FEF7F4FD0A9A0B9B0C900D9180217D
:109240000020C905FEF7D9FD02000B000C980D990E
:10925000FEF7DCFD02000B0010981199FEF7DFFD10
:109260000022724BFEF7D2FD7E4B0022F61833052A
:10927000FEF7F3FD02000B000A900B910898099984
:10928000FEF72EFE002808D00A980B990022734B97
:10929000FEF7C5FD0A900B91013F0A990B9A0B004E
:1092A00011003A006332C62A12D8022228980426F6
:1092B00010400E9A0C90002A26D1279B042B05D92A
:1092C000002800D0A1E0279B043B0E93042642E037
:1092D0000222289810400E9A0C90002A13D1279B46
:1092E000052B00D889E0002800D084E0279B0526C4
:1092F000053B0E9332E080231B069C46AC4463463C
:10930000089409933DE605260B4300D1F9E6089839
:109310000999554A554BFEF7F1FD002808D00898E9
:1093200009990022524BFEF7DBFD002800D0E8E649
:10933000269B002B34D00F9B002B31D0269B013B6A
:109340002693279BB34204D90C9B002B59D00223B0
:109350000C9300230E93002F00D13EE60A9A0B9B3C
:1093600008980999FEF75BFD0022089009910023F7
:1093700020002900FEF7B4FD002800D136E6089C45
:10938000099D289A80203B4B00061340220004933D
:109390000E9B0393269B02932B180092019331E6B8
:1093A000279BB342D5D90C9B002B2AD000230E93C8
:1093B00002330C93CFE7289B2E4A8020089C099DFE
:1093C0001A408023DB00134322000493279B0006EE
:1093D00003932B180092019302967DE6052695E6ED
:1093E00000230E930233002704260C93F5E54B1E51
:1093F0001B191B1A65E602230C930526AEE704230E
:10940000E7E5279B9B1B0E93A5E7022304260C93FD
:10941000A1E7DB1B5E1E79E601FCFFFFFB799F5095
:109420001344D33FB3C8608B288AC63F0000F03F87
:109430000000F83F61436F63A787D23F71A37909AA
:109440004F930A400000E03F1655B5BBB16B024098
:10945000EF39FAFE422EE63F00002C400000244087
:1094600000001840FF0300002D431CEBE2361A3FBA
:1094700080842E41FFF7FFFFF0B55746DE464E468B
:109480004546E0B5A3B01F002C9B92460C93C94AF9
:10949000C94B8B460B901A60002900D1BFE1002315
:1094A00038789946002800D1C1E1C44B4C46099355
:1094B000C34B0E935B460A9308E0220053460A9979
:1094C0000B9DA84701343878002876D0013725282D
:1094D000F3D110239B46083B9946043B9846033B37
:1094E000002602259C463878791C0300203BDBB21D
:1094F000102B03D8099A9B00D3589F460300303B9A
:10950000092B36D900252A2800D1A7E000230D9386
:109510002E283FD00300683BDBB2122B1BD80E9ADB
:109520009B00D3589F4663460F001E43DBE70F00A6
:109530002E43D8E743460F001E43D4E75B460F0097
:109540001E43D0E74B460F001E43CCE780237878BC
:109550005B001E4301310F00672845D82428ACD991
:109560000300253BDBB2422BA7D896499B00CB5882
:109570009F460025AB005D196D002D1808780F007F
:109580000300303B303D0131092BF3D900230D930B
:109590002E28BFD13022802052429046C000064380
:1095A00078780B0080444246092A00D851E12A28E5
:1095B00000D15EE10F000131ACE70A9BA1469B465A
:1095C000CA4503D801235B425344994653464A4651
:1095D000594600200B9DA847200023B0F0BCBB4695
:1095E000B246A946A046F0BD0300693BDBB20F2B93
:1095F00000D962E7012199408846734A11408B46A1
:10960000110042460A4200D013E10A2B2FD0072B4B
:1096100000D052E70C9D01CD002800D134E1212378
:109620001E43B0461F260D9A12ABF618A14694466B
:109630005946340002E0000920290AD00F260640CE
:1096400032003732092E00D8073A013162540F2810
:10965000F1D863464C468B460D9322E10C9B20CB00
:10966000002D52DB78780C930F0001314EE70C9BF4
:109670000D9904CB90469B46002900D128E1434632
:1096800018784144002801D100F029FC0D9A944635
:109690000A0004E059780133002900D195E19A428B
:1096A000F8D163460D934346D31A0F93730500D444
:1096B0006CE10F9B0D9A934200D90F9202231A007E
:1096C00032400C92334200D191E20C930D9BB9468B
:1096D0001E1943461B1BA84622001F000B9D08E0D5
:1096E000541C53460A99A847385D002800D163E10D
:1096F00022009642F4D145464F4634000C9B002B85
:1097000000D097E15B460C93DDE6022278781643A1
:109710000F006D420C930131F8E678786C2800D187
:1097200059E180235B001E43013114E780239B0035
:1097300078781E4301310EE77878682800D150E12F
:10974000802301311E4306E7672800D1C2E0472885
:1097500000D134E1452800D134E107210C9B0D9A5A
:1097600007338B4319000496039502920CC90B989A
:10977000009201930C91220053460A99FFF7CCFB0B
:109780000400A0E6462800D1A8E007210C9B0D9A12
:1097900007338B4319000496039502920CC90B986A
:1097A000009201930C91220053460A99FFF77AF92F
:1097B000040088E6799400104454022038DC00103C
:1097C0007CDC0010C8DC00104190000022005346F1
:1097D00025200A990B9DA847013474E60C9B04339D
:1097E0009B46631C9846B60700D4FFE00C9B220002
:1097F00018780A9953460B9EB0476419012D00D87A
:1098000049E245460B9EB8460A9F2A005346013559
:1098100039002020B047A542F7D1474672E7DB4B1D
:1098200038780B9300239946002800D03DE60024A9
:10983000C6E66F2855D000D8BCE21023782800D1A6
:109840009EE09E430A239C4600230F930A339B46C7
:109850004DE000218A005218520001331118187887
:1098600030390200303A092AF4D90D911F00591CF1
:1098700050E60C9BB87804CB0237D143C9170A4095
:109880000D920C93791C45E6102330009843113358
:109890001843802380463000DB0018401E4200D170
:1098A000C0E643460693082305930D9B22000493CC
:1098B00010230393002302935B4601931AAB00939A
:1098C0000A9953460B98FEF7F1FF0C950400FAE550
:1098D0000139D4E680231B011E433EE720231E43AB
:1098E00053E708239C4600230F9308339B468023AD
:1098F0003000DB0018401E4200D11AE10D23310078
:10990000994380230A009B001A409146194200D0D7
:10991000C3E180230A005B001A4090460C9A04328F
:109920000F92194200D08FE24B0600D597E10B064B
:1099300000D4E5E20C9B1B8899464B46002B00D0D7
:1099400005E210339943002800D100E20023984635
:109950000D9B069104935B460393002305950293A8
:109960004346D9E0582808D0622878D102239C4683
:1099700000230F9302339B46B9E720231E43103B7D
:109980009C4600230F9310339B46B0E702231A0036
:1099900032400C92334200D105E20C934346B94663
:1099A0000B9E0A9FA8461D1B220053463900013416
:1099B000B047285D0028F7D145464F469EE68023F4
:1099C0001B011E4320231E43C7E662460D924246FA
:1099D0009B1A0F936AE6C0239B00B8781E43F91CBC
:1099E000B9E5C023B8781E43F91CB4E5012D00D8B1
:1099F0004AE1631E9946A9444B4652462600A146B9
:109A0000BA461C001700A8460B9D32003B000136E9
:109A100020200A99A847A642F7D13B0057469A460C
:109A20004C460C9B320018780A9953460B9D4444CF
:109A3000A84767E6A0460F9B9D4200D862E62C1916
:109A40000B9E4546B8460A9FE41A2A005346013544
:109A500039002020B047A542F7D1474652E680237F
:109A60003200DB001A4090461E4200D1F3E0112183
:109A70008E43B4469846802362469B001A40934624
:109A800062461A4259D180235B001A4091460C9AD3
:109A900004320F9262461A4200D0A0E163465B0690
:109AA00000D5D4E063461B0600D412E20C9B0022D2
:109AB0009B5ED8171918414089B2DA0F0C92002B1F
:109AC00000D187E188461F2612ABBB461495F718D4
:109AD00045464E46E046A14606E028000A21FDF72D
:109AE00051FF0500202E08D00A212800FDF74AFF6B
:109AF00001363031B955092DEFD84C46C446B14630
:109B00005F46149D634606930D9B059504930A23B7
:109B100003930C9B02934B4601931AAB22000093D4
:109B20000A9953460B98FEF7C1FE0F9B04000C9355
:109B3000C9E40C2331009943E3E60822072191464A
:109B40000C9B07338B4399444A460ACB08000C927E
:109B5000DA0F9346184300D085E000239946434628
:109B6000002B2FD1002200231092119300231F26D7
:109B7000994612ABF6185B461495BB46E046370093
:109B80000F934E46A146109C119D05E001880010E0
:109B900004000D00202E0CD00A22002320002900F2
:109BA000FDF72EFF01363032BA55002DF0D1092CC9
:109BB000EED80F9B109411955F464C46C446B146B3
:109BC0009B46149D634606930D9B059504930A23BB
:109BD00003935B4602934B4601931AAB220000931A
:109BE0000A9953460B98FEF761FE04006BE40F9B45
:109BF0009D4200D896E18023DB000C930F9B2E1929
:109C0000F61A43460F930D9BA84699465346BA460B
:109C10001F000B9D22003B00013420200A99A84719
:109C2000B442F7D10F9B454698464B460D933B00F7
:109C300057469A4643461878002800D162E56B1CC7
:109C40000F930C9B002B00D1A8E600233DE50C9B55
:109C50001B78190031E710239E43B4460BE70C9B99
:109C60001B78994669E6DA17129213924A401092CD
:109C7000129813990A005A401192109A119B121AC5
:109C80008B411092119371E70C9B220018780A996E
:109C900053460B9CA047444634E5082207269046CD
:109CA0000C9B0733B343984442460C921A685B6896
:109CB000149208931300089A134305D11033994363
:109CC00000239846002838D161208B0600D541201A
:109CD00000231F2698465A4612ABF6180300189226
:109CE0000F9A0A3BB1461695179419974446664653
:109CF00090469B46149F089D159103E007000D00B8
:109D0000202C13D03200002338002900FDF778FE04
:109D10005B46D2B2D318092A01D8130030334A4621
:109D200001341355A845E9D1BE42E7D9189BA04696
:109D30009B461599169D179C199F0D9B06910493A0
:109D40005B460393002305950293434644E7612055
:109D50008B0600D541201F2612ABF21803000A3BE8
:109D60000C934B464646A146A8461C005D461491FE
:109D7000BB46170002E00400202E0DD02900200071
:109D8000FDF700FE0C9BCB18092901D80B003033DE
:109D90000136BB55AC42EED25F464C46AB461499F9
:109DA0004546B046D4E50F9B9D4200D926E70133D6
:109DB0000F93F3E5102332009A439446692800D0AC
:109DC000A2E080233200DB001A4090461E4200D100
:109DD00051E64CE64346002B00D093E673E60C9B1D
:109DE0001B68DA0F002B70D0D9175B184B409846D0
:109DF0001F2612ABF618A14614955C464546BB4695
:109E0000E04637000C9206E028000A21FDF7BAFD73
:109E10000500202C08D00A212800FDF7B3FD0134ED
:109E200030313955092DEFD85F46C446A3464C461C
:109E3000149D0C9A634606930D9B059504930A2383
:109E4000029203935B4667E60C9B1B689846002BC7
:109E500003D11033994300282DD161208B0600D502
:109E600041201F2612ABF61803000A3B4A460C930A
:109E7000149143463100A846A1465E461400BB46F5
:109E80001D000F0002E00500202C0DD0310028003D
:109E9000FDF778FD0C9BCB18092901D80B00303356
:109EA00001343B55B542EED223005F464C46454651
:109EB000B346994614990D9B069104935B46039310
:109EC0000023059502934B4626E64346002BB1D16D
:109ED0008EE70C9B1B68D81719184140EDE58023CD
:109EE0003200DB001A400F921E420FD002300200F7
:109EF00032400F92304219D00023A0460F939AE5CA
:109F00000C9B1B68994618E516009BE402231A0077
:109F100032400C92334200D08CE5002D00D06DE62B
:109F2000FFF7F0FB01330F93FFF7D0FB0C93F4E73F
:109F300000B585B0039101210290009303481300FE
:109F40004A4202A9FFF798FA05B000BD958A0010B1
:109F500010B5094A0300146884B0002C08D001220F
:109F600000910648524203A9A047012004B010BD49
:109F700000F07EF90020F9E744540220858A0010A1
:109F800000BEFDE77047C046094A1368002B06D0A3
:109F900008491818884208D8106018007047064B06
:109FA0000449181813608842F6D901235B42F4E78C
:109FB000B450022000000420F07A022010B5FFF710
:109FC000DFFFC04670B5FDF777FB074D074EB54282
:109FD00009D20024013E761BB608013608CD0134B3
:109FE0009847B442FAD170BDE8D90010ECD90010FE
:109FF000030010B5080011001B68984710BDC0464B
:10A00000F8B5437D07000D001600002B38D0002A5C
:10A010001ADD0B780A2B18D00020012E09D001245C
:10A0200021006B5C01340A2B1AD0B442F8D186426D
:10A0300003DD311A3B6828189847AD19013D2B788C
:10A040000D3B5A4253413B75F8BD037D002BE3D1D4
:10A0500002210E483B689847012EEED00120DEE732
:10A060006B1E5B5C0D2BE0D0884203DA091A3B685B
:10A0700028189847054802213B6898472000D4E7F4
:10A080000368110028009847DEE7C04628DE00106C
:10A09000F8B50B680D005A1CCB180A601871802A9D
:10A0A00000D0F8BD0E4B1C68002C15D00D4E0F1DB6
:10A0B00002E02469002C0FD02368002BF9D033680C
:10A0C000002B01D0A342F4D1200039002A68FFF709
:10A0D00097FF2469002CEFD100232B60E1E7C046F5
:10A0E000A8500220B0500220F0B54646D6464F4652
:10A0F000C0B582B090461C0006000D00FCF730FE93
:10A1000000232F4A12184B41002B02DA01222D4B5B
:10A1100052422D4908008A4603F016FC81466B1C0A
:10A1200003D1300003F044FA0500002C27D0274F5C
:10A13000274B1C68002C18D04346002B21D1254BFF
:10A14000984602E02469002C0FD02368002BF9D038
:10A1500043461B68002B01D09C42F3D120002A000B
:10A160003100B8472469002CEFD14B46002B23D196
:10A17000280002B0E0BCBA46B146A846F0BD164F72
:10A18000D6E7144B984602E02469002CEDD02368F2
:10A19000002BF9D043461B68002B01D0A342F3D11A
:10A1A0002A0031002000B8476B460A222000DA71ED
:10A1B000D91D093AB847E7E7504603F095FBD7E7C2
:10A1C00040420F00FFFFFF7F1844002001A0001055
:10A1D000A8500220B0500220F19F0010F0B5CE46EA
:10A1E000474680B583B06B460600DD1D2870FCF73E
:10A1F000B7FD0023194A12184B41002B02DA012245
:10A20000174B524217490800894603F09DFB164B35
:10A2100080461C68002C14D0144F02E02469002CE6
:10A220000FD02368002BF9D03B68002B01D09C4253
:10A23000F4D1200001222900FFF7E2FE2469002C5E
:10A24000EFD14346002B05D1300003B0C0BCB94666
:10A25000B046F0BD484603F047FBF5E740420F002B
:10A26000FFFFFF7F18440020A8500220B0500220BA
:10A2700070B5040003F09CF90123010005000122E0
:10A280002000FFF731FF084B1C68002C06D06368E4
:10A29000002B05D098472469002CF8D1280070BD08
:10A2A0002469002CF3D1F9E7A8500220F0B5CE467E
:10A2B000474680B5A3B004000E00FCF751FD002313
:10A2C000264A12184B41002B02DA0122244B52423B
:10A2D000244803F039FB0023220001938046330019
:10A2E000214801A9FFF724FE204F019B81463C68CD
:10A2F000002B19D0002C2FD01D4E02E02469002C19
:10A300000FD02368002BF9D03368002B01D0A34273
:10A31000F4D12000019A02A9FFF772FE2469002CF3
:10A32000EFD100233C680193002C06D06368002B1A
:10A330000CD098472469002CF8D14346002B07D154
:10A34000484623B0C0BCB946B046F0BD2469EBE72F
:10A35000044803F0C9FAF3E70194EEE740420F0026
:10A36000FFFFFF7F1844002091A00010A85002209A
:10A37000B05002200FB400B583B004A901C9019107
:10A38000FFF794FF03B008BC04B018470022014B4C
:10A390005A607047A049002003BDC04610B50400B4
:10A3A000FDF79EF9A04710BD70B58024124B6402E2
:10A3B000124A1C6013682342FCD00F20FBF7CCFE2E
:10A3C000002105000F20FBF7B5FE00220C4B5A7050
:10A3D000D0220C4B12061C60136DDB0704D4012144
:10A3E00020BF136D1942FBD0D02329000F201B067C
:10A3F0009B6DFBF79FFE70BD0420014004000140EF
:10A40000744F002004300140F0B5C64600B504008A
:10A4100086B00F200D001700FBF79EFE002180463E
:10A420000F20FBF787FE00231A4A009301930133A4
:10A4300002935370D023049505946E4600240025A2
:10A440000121022003971B06002C13D01A6D104225
:10A45000FCD05C6540BF1A6D114203D120BF1A6D5C
:10A460001142FBD09A6DA24209D00025AA00B4582F
:10A47000EAE79A6D1A6D1142FBD140BFE6E701355C
:10A48000062DF3D141460F20FBF754FE06B080BCE9
:10A49000B846F0BD744F00200E4B0F4A10B50400B3
:10A4A000934211D30D4A99181A000D4880688446CA
:10A4B0000A481450043013500A4B0B48135062469C
:10A4C0000A48FFF7A1FF10BD01235B421A000849AB
:10A4D000EBE7C0460008042000000420F407000059
:10A4E00000ED00E09DA30010FC07000099A3001000
:10A4F000F3070000C27843691A707047F8B5CE467A
:10A500004746304D81462B7880B5834202D12B7966
:10A51000DB0703D4C0BCB946B046F8BD002928D13A
:10A52000002A02D0AB789342F4D1274B002B02D003
:10A530000120FAF709F9254E254B00249846327878
:10A54000244F0EE0E1003B68091B89005B18002BDB
:10A5500003D001209B69984732780134E4B29442D9
:10A560000BD8A242EED8A21AD3009B1A9B004344F8
:10A57000EFE76B788B42CDD1D2E701214846FBF75C
:10A5800005FC562200212800FEF72EF9280008229B
:10A59000FF210D30FEF728F928002022FF21153079
:10A5A000FEF722F90C4C237B012BB3D101210B4D7B
:10A5B0004942286803F0D0F900232868637303F048
:10A5C00093F9A7E7C44B002049470010AA7A02205C
:10A5D00054DE0010AC490020B0490020244D00207A
:10A5E000F0B54E46DE4657464546E0B504000E003F
:10A5F0008DB001285DD1764B1F78002E2FD1754D7F
:10A600006B7BD9B2022B00D188E0032954D00129F9
:10A610001ED1714B9846DB88002B00D081E00121D0
:10A620006E4E49423068EA8103F096F903233068A0
:10A630006B7303F059F943461A780123D2095A4043
:10A640000023D20121003800D2B20093FBF7C2FBF5
:10A650000DB0F0BCBB46B246A946A046F0BD5E4B6D
:10A6600004AA03CB03C21120150002AB0222002171
:10A67000C018FEF7B9F801212C70564CEE70E38932
:10A68000564E6B6004ABAB6023684942EB60636875
:10A6900030682B61A3686B6103F05EF900233068BA
:10A6A000637303F021F92B69002BD1D02800984760
:10A6B000CEE74B4B1F78A0E79023474A1B019046FB
:10A6C00012889A4243D0454B9946424604AB03CA8E
:10A6D00003C311201E0002AB02220021C018FEF7A6
:10A6E00083F8347000244F460121F470EB8949420D
:10A6F000736004ABB3602B683868F3606B683361D8
:10A70000AB68736103F028F938686C7303F0ECF8F8
:10A710003369002B9CD03000984799E72E4B984620
:10A720007DE72E4E0239306803F016F902233068B7
:10A730006B7303F0D9F84046802102782B680A40F9
:10A74000C188380000912100FBF744FB80E7012C11
:10A75000B9D11F4B214A1F003833AB4691461D002B
:10A760000394260018367600E3B2BE199A46737930
:10A77000DB070DD5524601213878FBF737FB012264
:10A780007379681E934373714B46196801F038FB67
:10A790006600BE1931367379DB0711D58023524626
:10A7A0005B421A430121D2B23878FBF71FFB01222A
:10A7B00073792800934373714B46196801F020FBAD
:10A7C00001340235102CCCD15D46039C7DE7C04698
:10A7D000C44B0020B04900201C4C0020244D002018
:10A7E000C04900207047C04610B5FBF77BFA10BD8A
:10A7F000F0B54F464646D646C0B5384E05003378CC
:10A800000F00984210D0FF2B10D03900280035706F
:10A81000FBF776FA002804D1E0BCBA46B146A84658
:10A82000F0BD2800FBF7B8FA0120F5E72C4C20001A
:10A83000143CFBF705FD200001F022FC294B1C60B5
:10A84000294C2000FBF7EEFC284B1C60284B002B0A
:10A8500040D0284B1800984600E000BF264B1860F7
:10A860000022264B00211A6025481032FDF7BCFF5C
:10A87000244C562200212000FDF7B6FF20000822BC
:10A88000FF210D30FDF7B0FF20002022FF21153001
:10A89000FDF7AAFF43461A781B4B00249946164B36
:10A8A0009A460FE05346E1001B68091B89005B18BC
:10A8B000002B03D05B68984743461A780134E4B212
:10A8C0009442A2D8A242EDD8A21AD3009B1A9B00B0
:10A8D0004B44EFE7074B9846C2E7C046EC3D0020EB
:10A8E000E43D0020304D0020284D0020244D002064
:10A8F00000000000AA7A0220AC490020C0490020D4
:10A90000B0490020C44B002054DE0010F0B5CE4604
:10A91000474680B54378040083B0002B0ED183688E
:10A92000002B0BD003781F1E0FD13F4BDB78DB06CB
:10A9300004D53E4D6B7BA846002B11D00025280086
:10A9400003B0C0BCB946B046F0BD012BF6D1384BC0
:10A950001B79DB07F2D5354D6B7BA846002BEDD17B
:10A960000121344E4942306802F0F6FF6B7B3068BB
:10A97000DAB20600002B02D002F0B6FFDEE70123B8
:10A980002F736B73E368EA812B60236908226B6085
:10A990006369A168AB60284B18009946FDF72AFF50
:10A9A000300002F0A1FF012F2DD1214B187823692F
:10A9B000002B05D04A463900FBF71EFA0500BEE71A
:10A9C00004236A46D3716B464246073393601B4BA0
:10A9D000390053604A46FBF70FFA051EAED0184EF9
:10A9E000184F6B46DB79042B10D13378FF2BF8D04E
:10A9F000386801F09DFA0028F3D13378FF2BF0D0AE
:10AA000000F068F8EDE7084B1878D0E76369002B91
:10AA100002D06A46D2791A706B46DB79E3704346FE
:10AA2000DB8963608BE7C046C0490020B049002045
:10AA3000C44B0020244D00201C4C0020F5A4001025
:10AA4000EC3D0020304D002010B51C4C88B0207823
:10AA5000FBF78EF90F220300E07813409043184370
:10AA60000022E0700A20164B00211A70684405325B
:10AA7000FDF7BAFE6A46134B0021138108232078A4
:10AA8000938102AAFBF78AF9002801D108B010BD12
:10AA90000D4B08220093802300211B0302A8019381
:10AAA000FDF7A2FE6B460493084B02A80593084BE2
:10AAB000069307230793FFF729FFE7E7C049002024
:10AAC000C97A02200705000080060001244C0020FE
:10AAD00035AD0010F0B557464546DE464E46874B2D
:10AAE000E0B59B46864B82460027984687B0854E48
:10AAF00003AD34686269EFF3108172B61368002BFE
:10AB0000FCD0BFF35F8FA1612000290001F018FA8B
:10AB10006269A369BFF35F8F176083F31088002811
:10AB200061D06B78022B15D00CD8002B21D06A791C
:10AB300029792878FFF7E2FC34686269EFF3108125
:10AB400072B6DBE7032BD4D16B68002BD1D0A86899
:10AB50009847CEE77F232979AA780B409946002AA7
:10AB600048D1002B3FD10020AA686979FFF738FD52
:10AB7000BFE74346DB78DB065FD5434628781B7882
:10AB800098420BD141462A794978914206D14446F0
:10AB90006979A47889468C4200D181E0306801F05F
:10ABA000C7F9346881466269EFF3108172B61368A1
:10ABB000002BFCD0BFF35F8FA1612000290001F0C2
:10ABC0000DFA6269A369BFF35F8F176083F3108882
:10ABD000002804D0524669782878FFF703FE4B46D8
:10ABE000002B00D185E707B0F0BCBB46B246A946B2
:10ABF000A046F0BD012AF6D158460079C007F2D52B
:10AC00005800CC0958440019040030346379934348
:10AC10006371042362799A434B466271002B64D0BE
:10AC2000394A437D1278934231D3DCD137484469A5
:10AC3000AB686A790120A0475BE743461022DB78C6
:10AC4000414613434246D37028782B796A790870BD
:10AC50004B708A70002B00D04BE7FBF759F832207D
:10AC600001F0A2F843461878FBF758F8E1204000BD
:10AC700001F09AF843461878FBF756F800283AD1C5
:10AC800043461022DB7893434246D37031E7204A93
:10AC9000D800C31A10689B00C0180028C7D1A2E7CB
:10ACA0001C4C217B002917D1617B002914D0002284
:10ACB0000021FBF79BF80121174B494218680193CB
:10ACC00002F04AFE00236373019B186802F00CFE39
:10ACD0006B79287899462A794346494618705A7004
:10ACE0009970002A00D004E7B7E70120AA686979C3
:10ACF000FFF776FCFDE6FFF7A7FEFAE6C44B00205F
:10AD0000C0490020304D0020AA7A022054DE0010F5
:10AD1000AC490020B0490020244D002010B5044B60
:10AD20001B78FF2B02D00800FFF7D4FE10BDC046F1
:10AD3000EC3D0020F0B5DE4657464E464546E0B5B0
:10AD4000C17804008FB000290AD1CE4B0678197063
:10AD50004369033B092B20D8CB4A9B00D3589F461D
:10AD6000CA4DEB78DB060DD5C64A1378022B09D8FD
:10AD700064200133137001F017F82000FFF7C6FDBF
:10AD8000002803D11022EB789343EB700FB0F0BC96
:10AD9000BB46B246A946A046F0BD1021BB4AD378B7
:10ADA0008B43D370F2E7012EF0D10422B84F3B79E8
:10ADB00013433B71B74B1A0058891D7A083280182B
:10ADC000AD18B54B0190A84200D8E0E19946B34BCD
:10ADD00004969A46B24B05919B462A78002A00D1E8
:10ADE000C0E16B7801260B2B02D1EE78AD186B78A1
:10ADF000042BCBD1019B31005A1B280092B201F0E9
:10AE00006FF880460828C1D94B4600241A7803936E
:10AE1000029617E05B46E1001B68091B89005B187E
:10AE2000002B0AD0DE682A00434601213878B0475B
:10AE3000002800D0FBE04B461A780134E4B2A2426D
:10AE400000D20AE1A242E5D8A21AD3009B1A9B00C5
:10AE50005344E7E780228F4D52006B89934295D887
:10AE6000904A06AF0692002208ACBA80FB8000210F
:10AE700020000832FDF7B8FC8B4B26700C930B2397
:10AE8000083520000A970B950D93FFF73FFD7DE7EE
:10AE9000864B08AC06930023102200212000079364
:10AEA000FDF7A2FC06AB26700A937F4B20000C93A3
:10AEB0000C230D93FFF72AFD68E70A2006AB052255
:10AEC0000021C018FDF790FC6A46794B00211384DD
:10AED000082393846D4B08AA1878FAF75FFF0028BF
:10AEE00000D153E7734B08220693802300211B03F4
:10AEF00008A80793FDF778FC06AB0A936E4B08A8E9
:10AF00000B93694B0C9307230D93FFF7FFFC3DE771
:10AF100060490B7B092B00D138E75D4B1A79D207CA
:10AF2000D00F002A00D031E7584A14881C8094784A
:10AF3000D2789C7001241207120FDA701A7922431A
:10AF40001A71CA7B07905A715C4B1022002108A825
:10AF50000693FDF749FC06AB0A93534B08A80C93E4
:10AF600008230D93FFF7D2FC10E7022000F01CFF2E
:10AF7000A3689E78012E00D008E70222444D0021EC
:10AF80002B7908AC13432B71404B1878FAF7FEFE6F
:10AF90000A2006AB05220021C0186F79FDF724FCBA
:10AFA000434B2200012128782380A780FAF7F6FE80
:10AFB000002800D1EAE63F4B0822069390230021A7
:10AFC0005B0320000793FDF70FFC06AB26700A9386
:10AFD000394B20000B93344B0C9309230D93FFF74F
:10AFE00095FCD3E6012E00D0D0E62A4D284B2A8AC4
:10AFF00008ACDA806A8A00211A81EA8A20005A8124
:10B000002A7E08351A73274B0822069390231B03C8
:10B010000793FDF7E9FB06AB26700A93224B20004D
:10B020000C930A230B950D93FFF770FCAEE6029E7E
:10B03000002E0CD0AB78F618F6B2FA18517BFF2927
:10B0400000D0A3E60133DBB25473B342F5D1230041
:10B05000424629001A4800F029FF019B4544AB42B3
:10B0600000D9BAE6049E0599039B7C7B1A780C4BA9
:10B070001868944226D32BD1084B1B6901209847AE
:10B0800084E6C046C97A02202CDE0010C0490020A8
:10B09000C44B00201C4C0020AA7A022054DE001071
:10B0A000AC4900208006000235AD00100009010007
:10B0B0000705000080060001244C00200005010067
:10B0C000D94B0020E3001B1B9B00C318002BD4D1DD
:10B0D000BC7B944236D301219442CDD0FC7B944278
:10B0E00038D302219442C7D03C7C94423FD3032101
:10B0F0009442C1D07C7CA24241D80421A242BBD060
:10B10000BC7CA24245D80521A242B5D0FC7CA2421B
:10B1100047D80621A242AFD0397D914248D21C23A4
:10B120004B43C3180721002BA7D11021224AD37803
:10B130008B43D370214B002B00D127E60120F9F778
:10B14000C9FA23E6E3001B1B9B00C318002BC5D0E4
:10B15000310092E7E3001B1B9B00C318002BC3D0F8
:10B1600002218AE7164B049E059903937CE7E300CE
:10B170001B1B9B00C318002BBCD003217DE7E30001
:10B180001B1B9B00C318002BBAD0042175E7039347
:10B190006AE7E3001B1B9B00C318002BB6D00521F8
:10B1A0006BE71C236343C318002BB5D0062164E76B
:10B1B0009142BAD107215FE7C0490020D54600106F
:10B1C000AA7A022000487047244C002010B50128BC
:10B1D00014D10B4A1379DB07D80F002B00D110BD17
:10B1E000084B7F201B6808409C46CB093533400044
:10B1F000C0186146801800F0DBFDF0E70020EEE7A4
:10B20000C44B0020244D002010B5012814D10B4A56
:10B210001379DB07D80F002B00D110BD084B7F201E
:10B220001B6808409C46CB0935334000C018614676
:10B23000801800F0E5FDF0E70020EEE7C44B0020A9
:10B24000244D002070B5050082B001280BD17F2469
:10B25000114E0C40B4466400C809644424183034CC
:10B260006079C00702D5002002B070BD0126607968
:10B270003043607160460078009313000A0001219A
:10B28000FAF7A8FD0028EFD104226379AB4363717C
:10B29000637993436371E6E7C44B002070B5040003
:10B2A0000D0001280CD10B4E2800F17800F0C4FDF0
:10B2B000002804D02A0021003078FAF76FFD70BD15
:10B2C000054E2800F1780907090F00F0B5FD0028A8
:10B2D000F0D1F4E7C44B0020C049002001280BD175
:10B2E0007F22064B0A405200C9099B185B18303375
:10B2F0005879C007C00F70470020FCE7C44B0020FE
:10B30000012809D10A4B1A780A705A784A709A783B
:10B310008A70DB78CB707047064B1A780A705A78BF
:10B320004A709A788A70DB781B071B0FF2E7C046D9
:10B33000C44B0020C0490020F0B55746DE464E46BB
:10B340004546E0B583B089460CA99B4608C9040070
:10B350001F000B8892469846002810D13F4BDB789F
:10B36000DB0603D53E4D6B7B002B12D00024200062
:10B3700003B0F0BCBB46B246A946A046F0BD0128CA
:10B38000F4D1384B1B79DB07F0D5354D6B7B002BA7
:10B39000ECD10121344E4942306802F0DDFA6B7B7A
:10B3A0003068DAB2002B02D002F09EFADEE7012309
:10B3B0006B73EA810E9A2D4B6A600F9A5946AA6008
:10B3C0002B4A2C73138053461B020B4353804B466E
:10B3D0009380434616002F60D38002F085FA012C3B
:10B3E0002CD1204B18780E9B002B05D02100320069
:10B3F000FAF702FD0400BAE704236A46D3716B46EC
:10B400000733AB601B4B210032006B60FAF7F4FC92
:10B41000041EABD0184E194F6B46DB79042B10D1AC
:10B420003378FF2BF8D0386800F082FD0028F3D184
:10B430003378FF2BF0D0FFF74DFBEDE7074B187883
:10B44000D1E70F9B002B03D01A006B46DB791370FA
:10B450006B46DB792B00DB8989E7C046C0490020B9
:10B46000B0490020C44B0020244D0020810600007C
:10B470001C4C0020F5A40010EC3D0020304D0020B5
:10B480008C4670B5012800D076E0524C63460133FB
:10B49000DBB2072B00D98DE04F4A11784F4A15686F
:10B4A000E218567BB14214D9F200921B9200AA18FE
:10B4B000002A0AD163460233DBB2082B51D0E218CE
:10B4C000567BB14208D80DD1454A19001269904700
:10B4D00070BDB142F8D0EDE7F200921B9200AA18BD
:10B4E000002AF2D163460333DBB2082B39D0E218CD
:10B4F000567BB14242D8E7D063460433DBB2082B17
:10B500002FD0E218567BB1423FD8DDD063460533D9
:10B51000DBB2082B25D0E218567BB1423CD8D3D001
:10B5200063460633DBB2082B1BD0E218567BB142D0
:10B5300039D8C9D063460733DBB2082B11D0E218E3
:10B54000567BB1423AD8BFD06346FF2B09D1237D49
:10B550008B423AD2DA00D21A9200AA180723002AA4
:10B56000B3D110211F4AD3788B43D3701E4B002BCD
:10B57000AED0F9F7AFF8ABE7002487E7F200921BF3
:10B580009200AA18002AB7D09FE7F200921B9200FF
:10B59000AA18002ABAD098E7F200921B9200AA18C3
:10B5A000002ABDD091E7F200921B9200AA18002A4F
:10B5B000C0D08AE7082B00D08AE7D2E7F200921BBE
:10B5C0009200AA18002ABFD07FE78B42C9D1072377
:10B5D0007AE7C046C44B0020AA7A0220AC4900207A
:10B5E00054DE0010C0490020D546001070B5244B31
:10B5F000010082B0002B21D08268007813799C462C
:10B60000204B1C78844220D09C7B844222D01C7F1B
:10B61000844224D02A241D5DFF24854224D09378BF
:10B62000C9781E00D3780D001B0200211B0A002DD3
:10B6300006D0009132002100F9F794FA02B070BDF3
:10B640009179D27912021143F3E75C786445DBD13A
:10B650000024E4E7DC7B6445D9D10124DFE75C7F8B
:10B660006445D7D10224DAE7D43C1B5D64461B1B3A
:10B670005C1EA341FC245B421C400334CFE7C04660
:10B68000654B001020440020F0B54646D6464F4694
:10B69000C0B58268060053788CB00A3B012B02D9F2
:10B6A000C378002B12D1644C5379177935782278FE
:10B6B0001B023B43AA4217D0A27BAA4241D0227F61
:10B6C000AA4245D02A22A25CAA4205D00CB0E0BC16
:10B6D000BA46B146A846F0BD2B22A25CBA42F5D1CB
:10B6E00003229246904605E06278BA42E4D10022F5
:10B6F00092469046002DE9D07269022A74D02ED865
:10B70000002A52D04246D3009B1A5B00E3185B78B4
:10B7100004AEB3800023494A4949127806AC31800F
:10B720007280F380102200212000FDF75DF8454B68
:10B7300025700A930223200008960B93FFF7E6F882
:10B74000C4E7E27BBA42BAD1012292469046D1E7E1
:10B75000627FBA42B6D1022292469046CAE7032AD5
:10B76000B4D1FFF72FFD4246D300991A49009946FC
:10B77000635CAB42AAD1B36861189A79DB791B028A
:10B78000134301220A71304A002A04D002005146B4
:10B790002800F9F717F84B4642469B1A5B00E3185E
:10B7A00028005978FFF76CFE90E74046C100091A5F
:10B7B000490061184E7904AF71424E41234906ACED
:10B7C0000491FF210B40BB80FA8000211022200051
:10B7D000FDF70AF81B4B25700136200008970A93E5
:10B7E0000B96FFF793F871E74246D3009E1A9946ED
:10B7F00080237600A61932895B009A420BD9FF3B61
:10B800003371114B002BC6D0002300225146280073
:10B81000F8F7D8FFBFE7F479FFF7D4FC03230393CD
:10B82000084B2200029333893900019300900023D2
:10B830002800FFF781FD49E720440020AB7A022071
:10B84000210B000089B60010C5470010210A000036
:10B85000021E0ED003290CD8074B00209C46CB00BB
:10B86000591A63464900CB5C934201D1614448793F
:10B8700070470020FCE7C04620440020014B1870B0
:10B880007047C046AB7A0220F0B589B004000800CA
:10B890000EA980C90D88002C26D0032824D813496E
:10B8A0008C46C100091A604649000E5C0020A64281
:10B8B00018D11B0213430A006C4662440C48638093
:10B8C000E580537802AD2080182200212800A38053
:10B8D000FCF78AFF074B28002E7004940597069307
:10B8E000FFF714F809B0F0BD0020FBE7204400206A
:10B8F00021090000EDB5001010B5002814D003296F
:10B9000012D8CB00591A094A49008B5C9C46002387
:10B91000844507D1521860469178FFF7DFFC012378
:10B920004340DBB2180010BD0023FBE72044002099
:10B93000F0B50C0083B000280FD003290DD8CB0040
:10B94000104A5B1A5B009D5C854206D1D618280020
:10B95000B178FFF73BFC002802D1002003B0F0BD16
:10B9600000200949E20173895218B17801900090D2
:10B970002800FFF767FC0028F0D12800B178FFF716
:10B9800043FCEAE720440020C449002010B53822D7
:10B9900000210248FCF728FF012010BD20440020B0
:10B9A000012070472C4A70B51D00137883420DD0DA
:10B9B000937B834225D0137F83422CD02A230024FB
:10B9C000D35CA446834230D0604670BD93788B42EE
:10B9D00002D0D3788B42EBD1002300229C46002872
:10B9E00037D0C90901292CD01C4B002B06D01C498B
:10B9F000D2015218ABB2614600E000BF01239C4661
:10BA0000E2E7137C8B4202D0537C8B42D3D10123DB
:10BA100001229C46E3E7937F8B4202D0D37F8B4287
:10BA2000CCD1022302229C46D9E72C23D35C8B4243
:10BA300003D02D23D35C8B42C6D1032303229C4623
:10BA4000CDE70849D2015218ABB26146F9F7CEF8FA
:10BA5000D4E700239C46B7E7204400200000000004
:10BA6000044A0020C449002070B5254D04002B78FD
:10BA700083420AD0AB7BA34215D02B7FA34221D0B7
:10BA80002A23EB5CA3422DD070BD1E4B002B02D0AD
:10BA90000021F8F7EBFF0E2200212800FCF7A4FE9E
:10BAA000AB7BA342E9D1174B002B03D0012120002F
:10BAB000F8F7DCFF0E2200211348FCF795FE2B7FE0
:10BAC000A342DDD10F4B002B03D002212000F8F759
:10BAD000CDFF0E2200210D48FCF786FE2A23EB5CE9
:10BAE000A342D1D1074B002B03D003212000F8F74C
:10BAF000BDFF0E2200210648FCF776FEC4E7C046D3
:10BB0000204400206D4A00102E4400203C440020B8
:10BB10004A440020F0B54E46DE4657464546E0B55D
:10BB2000140052790E0083B0032A1BD12179CA0078
:10BB3000521A123292B29A4214D82378E3189846D5
:10BB40005B78212B0ED1384A13789246002B65D0B2
:10BB5000937B002B64D0137F002B5ED02A23D35C11
:10BB6000002B07D0002003B0F0BCBB46B246A9466C
:10BB7000A046F0BD03339B465A46D30001939B1A5F
:10BB800052465B00D65400292BD0424615785344C8
:10BB900000279946551909E04946CA708B812379D7
:10BBA0007A1C170093421CDD2B78ED186B78052B5F
:10BBB000D8D129003000FFF771FB0028D2D06B7973
:10BBC00029791B020B43AA785B055B0DD10901297A
:10BBD000E2D149468A704B8123797A1C17009A4238
:10BBE000E2DB5A464146019B9B1A5B00A278534414
:10BBF0005A708A79DA710A00127AC97912020A43F4
:10BC00001A810A4A12789A71A279012A01D0012078
:10BC1000A9E7E27901205A71A5E702239B46ABE729
:10BC200001239B46A8E7C04620440020AB7A0220AF
:10BC300030B5234B04001A7889B082420CD09A7B2D
:10BC4000A2422DD01A7FA2422FD02A229A5CA24271
:10BC500030D0012009B030BD5A788A42EFD100209F
:10BC6000002CF6D0C200121A52009B185B7902A871
:10BC70005A4253415D1C134B6A4600936B469980B0
:10BC800000230021D3801022FCF7AEFD6B461C720E
:10BC900004930D4B02A806930795FEF737FED8E7ED
:10BCA000DA7B8A42CED10120DAE75A7F8A42CCD1B0
:10BCB0000220D5E72B229A5C8A42CAD10320CFE723
:10BCC00020440020210A000089B60010F0B5D646B5
:10BCD0004F4646468946C0B514008A0000211F0021
:10BCE0008246FCF781FD002300259846002F24D0D2
:10BCF000A94522D92378611C1A0718099B079E0FB2
:10BD0000920F63788C19012A2AD0022A1BD0002AAC
:10BD10000ED10A2830D00C280AD14346013BDBB2B1
:10BD20009846002B04D1534604339A460135EDB2B0
:10BD3000BB1B013B9FB2002FDAD12800E0BCBA4602
:10BD4000B146A846F0BD0028F2D14246002AEFD104
:10BD500052465370BB1B013B9FB2002FC8D1ECE78A
:10BD6000002813D00828E3D152461370BB1B013BB7
:10BD70009FB2002FBCD1E0E743460133DBB29846C7
:10BD8000BB1B013B9FB2002FB2D1D6E74346002B2D
:10BD9000CED153463200981CFCF72CFDBB1B013B57
:10BDA0009FB2002FA4D1C8E710B5FAF71DFE10BD51
:10BDB00070B5040023780800DB070E00DD0F002BB0
:10BDC00016D123785B0701D5280070BD01214942B7
:10BDD00001F0C2FD2378DB07DD0F002B0AD12378A9
:10BDE0005B0708D40422237801251343237002E063
:10BDF0000025E9E70025300001F076FDE4E7C046C4
:10BE000070B50D00012104004942280001F0A4FD95
:10BE100023785B07DE0F002B04DB280001F064FDB4
:10BE2000300070BD2378DB0704D4042223789343C9
:10BE30002370F2E70026F0E7437902791B021343EF
:10BE4000C2785B0592075B0D920F022A1AD0032A73
:10BE50000BD00020012A07D102394A425141104A31
:10BE6000891899424041C0B2704702394A1E914137
:10BE70000C4A4942114080220020D2008918994280
:10BE80004041F1E7022904D0002040229A4240417B
:10BE9000EAE7054A981843425841C0B2E4E7C04671
:10BEA000FF03000040FCFFFF00FEFFFF84468818F0
:10BEB00030B51C00814206D24A78052A04D00A789F
:10BEC00089188842F8D830BD7F228B781A405200FA
:10BED0006244DB09D4540A7889188842ECD8F2E726
:10BEE00070B503001400002920D00278002016004D
:10BEF0000139CDB2301880B29B18A04205D30FE0B3
:10BF0000081880B25B1884420AD91978002907D032
:10BF10005A780B2A0BD0042AF2D1DA78002AEFD112
:10BF2000002D04D0013D1A78EDB2E3E7002070BD8A
:10BF300003894089181A43425841C0B27047C0462D
:10BF400070B5040000690D00002803D001214942AA
:10BF500001F002FD238962899C4698B291B2A388C0
:10BF6000944532D3421A92B2002A27D0934208D283
:10BF700098422FD3C01A81B261818B4203D8C91A6B
:10BF800089B28B42FBD9E28823685204520C514398
:10BF900028005918FCF72EFC618901254A1C92B231
:10BFA000A38891420DD900225B00D21A20696281D8
:10BFB000002801D001F098FC280070BD002562899E
:10BFC00092B25B009A42F1DBEFE75A00521A8218F4
:10BFD00092B2C9E7C01881B26181CEE7F8B504001A
:10BFE000C0680F00002803D00121494201F0B4FCD1
:10BFF000258920896189A288ADB283B28EB2884238
:10C0000028D39B1B9BB29A4209D8E679F60906D140
:10C01000E068002801D001F067FC3000F8BD2B007B
:10C0200095421CD39B1A9BB29342FBD2E2882068B4
:10C030005204520C53433900C018FCF7DBFB6B1C55
:10C040009BB2A2889D4216D9002352009B1A01265A
:10C050002381DDE75100891B5B189BB2D3E7E2889F
:10C0600020685204520C53433900C018FCF7C2FB3D
:10C070000135A288ABB252009342E8DBE6E7C04646
:10C0800010B50400C068002803D00121494201F026
:10C0900063FC2069002803D00121494201F05CFCC7
:10C0A0000023E06863812381002801D001F01CFC9B
:10C0B0002069002801D001F017FC012010BDC04606
:10C0C00030B587B06946174802AB01AAFBF75EF8A6
:10C0D000002803D114481349F9F744FF0199029A43
:10C0E0000098FAF779FF1620F9F71EFFD024802375
:10C0F0002406DB03636263610C4B02AA23CB23C2D9
:10C100001B686421136014236A460120137202AA7B
:10C11000FEF76AFB1920F9F707FF80239B0463628F
:10C1200007B030BDC0D4010020DA00107CDE001062
:10C13000D02380221B069204002801D05A61704748
:10C140009A61FCE710B5024800F004F810BDC04643
:10C15000F872022010B588B004000D220021684654
:10C16000FCF742FB0D22002104A8FCF73DFB6A46C8
:10C170004B236846137004A900230D2201F00CFC28
:10C180001521082220006944FCF734FB08B010BDDB
:10C19000F0B5CE46474615000E0080B504000021DC
:10C1A000302283B02800FCF71FFB012073784D4A32
:10C1B0009B181B052360F378984000F0C9FD1123FC
:10C1C000B278994690462068474BF778C3181B0D04
:10C1D0004649DB004344FA020A40DB0313434A4664
:10C1E00013434246A021043292008018C905BA01C7
:10C1F000521813613B4B50609C4643467078E76091
:10C200006044000520606360337963441B0523614B
:10C2100073796361B379E3613378AB70F27B002AA1
:10C2200057D10133EB70EB78314B324F9C46324B98
:10C2300061462764E16363642A73B38941462387B7
:10C2400000F04AFB6169206900F046FBE169206962
:10C2500000F042FB2A003100200001F095FBA87895
:10C260000121C0B2F9F72EFEE8780121C0B2F9F73A
:10C2700029FEA8780321C0B2F9F734FEE87803213B
:10C28000C0B2F9F72FFE0121282300222970EA54B9
:10C290006A461A4B01A81A49938001F03DFB6A4691
:10C2A0005A2301A81749537101F036FB6A461E2331
:10C2B00001A81549537101F02FFB3C236A4613492D
:10C2C00001A8537101F028FB03B0C0BCB946B046C9
:10C2D000F0BD013BEB70AB78074B0D4F9C46044B18
:10C2E000A6E7C046020500000000E0AFFF7FE0FFC8
:10C2F0005C2E0020482E0020342E002080D2FFFF2C
:10C30000FC4D00204C540220C4770220546E0220C1
:10C31000202E0020F0B5C646060000B5664D674CDD
:10C320002A0084B031002000FFF732FF02230520ED
:10C330002B74FAF74BFEFCF787F96149051CFCF7F3
:10C3400068F9EC218905FCF761F98046FCF7A4F94E
:10C3500087B20020002F0CD03800FCF775F9011CC3
:10C360004046FCF750F98721C905FCF766F9FCF750
:10C3700093F94A23E054023BE7525249281CFCF748
:10C3800048F9EC218905FCF741F98046FCF784F96E
:10C3900087B20020002F0CD03800FCF755F9011CA3
:10C3A0004046FCF730F98721C905FCF746F9FCF750
:10C3B00073F95223E054023BE7524349281CFCF72F
:10C3C00028F9EC218905FCF721F98046FCF764F98E
:10C3D00087B20023002F0DD03800FCF735F9011C7F
:10C3E0004046FCF710F98721C905FCF726F9FCF750
:10C3F00053F903004E22A3544C233449E752281C1E
:10C40000FCF707F9EC218905FCF700F9071CFCF79C
:10C4100043F985B20020002D0CD02800FCF714F958
:10C42000011C381CFCF7EFF88721C905FCF705F95A
:10C43000FCF732F956230421E054254A023B2548F3
:10C44000E55201F091FA244B00211870234A002094
:10C4500001F08AFAB37B002B0ED0214B1868214CD7
:10C460002378002B03D100280FD1012323701E480D
:10C4700004B080BCB846F0BDB068194C20600028FC
:10C4800011D0184C2378002BF1D100230193012304
:10C49000164A5B420292164A0092164AFAF7B8FB15
:10C4A00001232370E3E7FAF745FC01220221FAF7A2
:10C4B000D3F82060D3E7C046E46D02205854022030
:10C4C000001B374C001BB74A001BB74C001B374BF7
:10C4D00018730220F03D0020E37A02201854022055
:10C4E000A8490020EA7A022034550220184800208A
:10C4F0003138002018FCFFFF012210B544000D4B1D
:10C5000024182401E418E273A0780221C0B2F9F7DC
:10C51000B5FCE0780221C0B2F9F7B0FCA0780321A5
:10C52000C0B2F9F7BDFCE0780321C0B2F9F7B8FC5E
:10C5300010BDC046E46D022010B544000F4B241816
:10C540002401E418A0780021C0B2F9F7A9FCE07832
:10C550000021C0B2F9F7A4FCA0780021C0B2F9F71D
:10C560008DFCE0780021C0B2F9F788FC642000213E
:10C57000FAF700FC0023E37310BDC046E46D02200F
:10C58000BC220E4B520130B50C0099180022002538
:10C59000944602E0BC3399420ED01A788242F9D117
:10C5A0005A78A242F6D1DA88002AF3D06246DD80BA
:10C5B0005A73BC339942F0D130BDC0466456022054
:10C5C000F0B5C64600B504009078160098460D00F8
:10C5D000274F430617D0BC2252013B00B91802E096
:10C5E000BC338B4229D01A789442F9D15A789542BB
:10C5F000F6D1DA88002AF3D01A799042F0D10120DE
:10C6000080BCB846F0BDBC2252013B00B91802E024
:10C61000BC338B4211D01A789442F9D15A789542A2
:10C62000F6D1DA88002AF3D01A799042E7D01A7945
:10C630005206E4D0BC338B42EDD1BC235B01FA1827
:10C6400002E0BC37974210D0FB88002BF9D13100B3
:10C65000380001F051F943463C70BB707D70B378EF
:10C66000DB43DBB2DB09FB70C9E70020C8E7C0464B
:10C670006456022070B516007F229446BC22144BEB
:10C6800052010C00991802E0BC338B421BD01A787F
:10C690009042F9D15A789442F6D1DA88002AF3D040
:10C6A0001A79002A03D065461A791542ECD1002088
:10C6B0002D2218710130DA72D87031001800253A35
:10C6C00001F032F970BD0348FDF7D2FD0020F9E713
:10C6D0006456022028DB0010F8B59C466B46160015
:10C6E0001F8B53061AD0BC221F4B52019D1802E02B
:10C6F000BC33AB4231D01A781C009042F8D15A7842
:10C700009142F5D1DA88002AF2D01A799642EFD117
:10C710003A006146200001F007F9F8BDBC22124B37
:10C7200052019D1802E0BC33AB4216D01A781C00AF
:10C730009042F8D15A789142F5D1DA88002AF2D0A5
:10C740001A79964202D01A795206ECD11E717242C1
:10C7500056410122DE70DA72DAE731000348FDF754
:10C7600009FE0020D9E7C0466456022040DB0010D5
:10C77000130070B594460D005B0625D0BC22244BF7
:10C7800052019C1802E0BC33A34238D019781A0039
:10C790008842F8D159788D42F5D1D9880029F2D054
:10C7A00019798C45EFD1537B002B2CD00123D37307
:10C7B000937BD9B2002B28D1537BD8B2002B00D069
:10C7C00051730023D3731FE0BC22114B52019C18FC
:10C7D00002E0BC33A34212D019781A008842F8D183
:10C7E00059788D42F5D1D9880029F2D019798C4534
:10C7F000D9D019794906D6D0BC33A342ECD16146D1
:10C800000448FDF7B7FD002070BD0023D373FAE79D
:10C810006456022040DB0010130030B594460D0032
:10C820005B0622D0BC221D4B52019C1802E0BC3397
:10C83000A34218D019781A008842F8D159788D424D
:10C84000F5D1D9880029F2D019798C45EFD1537BE5
:10C85000D8B2002B07D1937B002B03D1B133D07218
:10C86000D054012030BD0020FCE7BC220B4B52010C
:10C870009C1802E0BC33A342F5D019781A00884214
:10C88000F8D159788D42F5D1D9880029F2D019799B
:10C890008C45DCD019794906ECD1D8E764560220E2
:10C8A000F0B505000C1E10D00021FF26084A094FE4
:10C8B0006B5C100A534033405B00FA5A013142402E
:10C8C000A142F5DBD04380B2F0BD0020FCE7C046BA
:10C8D000FFFF0000B8380020074B10B5C018000D4E
:10C8E000012806D0054A800041180548F9F768FB81
:10C8F00010BD044AF7E7C0460000E0AF7CDB001043
:10C90000444F002058DB0010F0B54E464546DE4649
:10C910005746E0B5050083B00F00F9F73BFB324BFB
:10C92000324AEB181B0D9B0091469C46D3580122BE
:10C930003E790521B240202479568046013AA41B55
:10C9400000293FDB8C423AD3100088400C000342A0
:10C9500035D1B879002843D18A40100092463F680B
:10C960001A40184239D180208001002E17D0A346EA
:10C970002C0065469C4633000E00110001954A00CC
:10C98000BD5A854200D2AD1972181232920001319F
:10C9900015519942F3D3019A63465C469446524638
:10C9A000614613434A4653504046F9F7FFFA2000C8
:10C9B00003B0F0BCBB46B246A946A046F0BD012478
:10C9C0006442F1E7002C02DA07E0013C05D31000D5
:10C9D000A04021000342F8D1BBE709246442E3E709
:10C9E00014246442E0E7C0460000E0AFF44D0020AC
:10C9F000F0B54546DE464E4657468846E0B583B01C
:10CA000005001400F9F7C6FA43469B798146002BCE
:10CA100043D143465B795BB2002B01DB9C4239D1A9
:10CA2000434601271E791E4BB740EB181D4A1B0DCC
:10CA30009B000193D358013FA740190093469C46A1
:10CA4000BA4639401F4222D1002E0FD043468020E3
:10CA50001F6880014B00FA5A824200D212196318F3
:10CA600012339B0001315A51B142F3D3524663460F
:10CA700013435A46019953504846F9F797FA200054
:10CA800003B0F0BCBB46B246A946A046F0BD09249F
:10CA90006442F1E70B246442EEE714246442EBE7BE
:10CAA0000000E0AFF44D0020F0B5DE4657464E469C
:10CAB0004546E0B51600DC22924685B04B00019356
:10CAC0005B18DB00C518AA44524612680E9C9346B8
:10CAD0002A00CC32126800921C4AAB1880229202C3
:10CAE0001A60002C1FD08023DB049946012398464E
:10CAF0003300D835E0272E0055469A463F02029073
:10CB000003912000FAF710FF4A46430113432B60BC
:10CB100053464246C34013403B433360631E1C40B0
:10CB2000EFD102980399019B5B18DB00C3181A0030
:10CB30005946DC321160009ACC331A6005B0F0BC63
:10CB4000BB46B246A946A046F0BDC046CC30000068
:10CB5000F0B5DE4657464E464546E0B51600DC22A7
:10CB6000924685B04B0001935B18DB00C518AA44C0
:10CB7000524612680E9C93462A00CC3212680092EC
:10CB80001B4AAB18802292021A60002C1ED0802310
:10CB9000DB049946012398463300D8352E005546CC
:10CBA0009A46144F029003912000FAF7BDFE4A46C0
:10CBB000430113432B6053464246C34013403B435B
:10CBC0003360631E1C40EFD102980399019B5B18F0
:10CBD000DB00C3181A005946DC321160009ACC33CE
:10CBE0001A6005B0F0BCBB46B246A946A046F0BDEF
:10CBF000CC30000080E00000F0B54E46DE465746DF
:10CC00004546E0B583B00C0089460CA984460878F7
:10CC10001F2A42D86100019109196446C9006418AD
:10CC20002500DC352E68B2462600CC363668B34681
:10CC30001B4EA1198026B6020E60411E884141425A
:10CC40001F20084017494018052B0CD9A0271F2684
:10CC50007F05D834510139430532053B2960324004
:10CC60002060052BF6D852019B061343019A4A44D3
:10CC7000D20062441100DC310B601300D83318601D
:10CC800053460B605B460020CC32136003B0F0BC0F
:10CC9000BB46B246A946A046F0BD05204042F5E796
:10CCA000CC30000080E00000944601228A4070B53C
:10CCB000C6461C00036800B593430360002C30D0C7
:10CCC0004A005318DB00C3181D002668C8352E60C3
:10CCD000A66804356E606668E468DC332E601C600C
:10CCE0005318DB00184CC218121980242406146053
:10CCF0001460164A0C1D8A40826001221500A5406E
:10CD0000802408318A40A40104192560614622600C
:10CD10001F22C0180A40D8300260002040BCB04634
:10CD200070BD4A005318DB00C3181D008026C835AB
:10CD300076022E60C0263603AE60F82604357602F1
:10CD4000DC332E601C60CBE7D01000000101010134
:10CD5000F0B5C646040000B5002816D00C4B0025DF
:10CD6000984601260B4F01E001356408264203D1A5
:10CD7000013564082642F7D0424629003800F9F709
:10CD80001FF9640801D00135F4E780BCB846F0BD56
:10CD900098DB0010A07A0220F0B5454680463C4B57
:10CDA0004E4643445A1E9341DE4657468022E0B524
:10CDB0005B421B0C92021B049B18364A83B0136023
:10CDC000354A8946354913601D000A689543FBD1F1
:10CDD0000620FAF7FBF843465A6802231A400092ED
:10CDE0002F4A8026424413604B468246D90D580292
:10CDF00001920B0002000224760006E0924506D361
:10CE0000023412184B41B44201D0002BF6D08027D7
:10CE10002602361B7F0002E0361B012F36D0310080
:10CE20005046BB46013FFAF7ADFD8145F4D2594665
:10CE300061433D0243461C611B68FF226B40802515
:10CE400012026D0113404544164A2B60009B424478
:10CE5000136002204346019C5B68206044462668BC
:10CE600007246640C83434402C6003240340136018
:10CE70000D4B43441C6010605046FAF783FD03B02D
:10CE8000F0BCBB46B246A946A046F0BD2100D1E7A2
:10CE90000000FCBF00E0004000F0004008C000407F
:10CEA00004300000042000002420000001230121A0
:10CEB000084A1360084A1360084A08001368984338
:10CEC000FBD1074A11608021490013680B42FCD056
:10CED0007047C04600E0004000F0004008C000403D
:10CEE00000C0044010B5034B0A000100186800F0B0
:10CEF00003F810BD0842002010B50B0C140C002BD9
:10CF000030D1002C44D18BB291B2594300F064F877
:10CF1000041E3BD00300083B5A6803239A43043A9B
:10CF2000242A13D80300132A0BD90023036043607B
:10CF30001B2A10D900238360C360242A31D0030048
:10CF4000103300221A605A609A6002E00021FBF759
:10CF50004BFC200010BD0300002208331A605A6009
:10CF60009A60F6E7002C16D1141C89B292B24A439B
:10CF7000A4B29BB26343110C5B18190C0BD11904BA
:10CF800092B2114300F028F8041EC3D10024E0E758
:10CF9000231C0C1CE9E700F0F3FA0C2300240360C7
:10CFA000D7E700220300026118334261C9E7C04697
:10CFB00010B5034B0100186800F00EF810BDC04614
:10CFC0000842002010B5034B0100186800F078FB00
:10CFD00010BDC04608420020F0B54E46DE4657461A
:10CFE00045460C00E0B50B34814685B0162C21D89F
:10CFF000102900D9D0E000F0A1FA10241823022152
:10D00000C94DEB181A005F68083A974200D172E1E7
:10D0100003227B68B9689343FA68CA609160012172
:10D02000FB185A6848460A435A6000F08FFA3800E5
:10D030000830B5E007239C4300D5ADE0A14200D9FC
:10D04000AAE000F07BFAFC235B009C4200D2B9E12D
:10D05000610A00D1ABE0042900D980E138239C4665
:10D06000A1098C44E0463931CB0008225242944653
:10D07000AD4DEB189C446346DF68BC4512D00B00F5
:10D08000032661469C4607E0F868002A00DB2CE195
:10D09000814200D12DE107007B68B3431A1B0F2AA0
:10D0A000F2DD41462A002F690832974200D10BE198
:10D0B00003207B688343181B0F2800DD86E12A616B
:10D0C0006A610028ABDA6A68944680229200934233
:10D0D00000D316E1DA08580901238340604618435B
:10D0E0008446D3005B199A686860FB60BA609F60F1
:10D0F000D76001208B10984060455FD8634603429B
:10D100000AD103239943634640000431034203D10B
:10D11000400004310342FBD00323A8469C468346CB
:10D120000D00E80040440600AA46F3680BE06146A3
:10D130005A688A43171B1900DB680F2F00DD1BE1BB
:10D14000002F00DB2FE19E42F1D1534601339A4676
:10D1500008369B07E9D1032205E003680838013D42
:10D16000834200D0E2E12A42F7D142465946536851
:10D170008B4353605A46520093469A421DD8002A68
:10D1800006D11AE05246043292465A46520093465D
:10D190001342F7D05546C4E70C234A4613600020DB
:10D1A00005B0F0BCBB46B246A946A046F0BD802300
:10D1B0003F22402190469B0057E745460322AF6837
:10D1C0007B6893439A46A34202D31B1B0F2B7EDC42
:10D1D000564B08201B6810331E1900F0DBF9544B26
:10D1E000834601931B68013304D0731E1B1842420F
:10D1F00013401E003100484600F0B0F98046431C41
:10D2000000D1FDE05346FB18834200D9F6E0494ABD
:10D2100011680292891911605A46013A834200D17D
:10D2200039E101980068013000D13FE14046C31A5E
:10D230005B1802990B6041460723080018400190D3
:10D24000194200D1F9E0C446310001331B1A9C4455
:10D25000614403915B4411405B1A1A401100484637
:10D26000E046160000F07AF9431C00D13AE1029B37
:10D270001968891919604346C21A0120921902439C
:10D28000AB605A60AF4213D053460F2B00D811E168
:10D2900007220C3B93437A68024005201A437A60C8
:10D2A000FA18506090600F2B00D921E143465A686C
:10D2B000214B1868884200D21960204B18688842B8
:10D2C00000D2196047469DE06B689C4611E7012239
:10D2D0002100134311433C1979604846AC606360F8
:10D2E00000F034F9380008305AE7BA68D06082603C
:10D2F00095E66146D6E6DF680231BB4200D1D1E651
:10D3000086E65A0A042A73D9142A00D9A7E0100025
:10D310005C325B30D200AA18083A16009268884640
:10D32000964210D181E0C046003E002064480020B3
:10D33000F43D0020344800205C4800206048002074
:10D340009268964204D00321506888439842F7D8E7
:10D350004146D668FE60BA60B760D760C9E6142956
:10D360005CD9542900D982E06E239C46210B8C4461
:10D370006F31E046CB0078E601200E0045460919E2
:10D3800004437460B4680835E36038439C60A96066
:10D39000E9604860CD6048468D60B75000F0D6F82F
:10D3A00030000830FCE601200C008A18516808346F
:10D3B0000143516022684846D3609A6000F0C6F885
:10D3C0002000EDE62300E108083319E601263919AB
:10D3D00034437C6029616961CA608A60320002431B
:10D3E0004A60F850484600F0B1F838000830D7E6F7
:10D3F0009A09100039323830D2008CE7AF4242D05F
:10D40000AF687A6803239A43131BA24202D30F2BFF
:10D4100000DD5CE7484600F099F8C0E65B239C46D7
:10D420008C445C31E046CB001FE601238010834032
:10D4300060461843844668608CE73300594643448D
:10D4400001931340CB1A1A4011004846160000F011
:10D4500085F8431C00D00AE70026019807E7542A04
:10D460002BD81A0B10006F326E30D20053E7AA236C
:10D470005B0099422BD8DD3B9C46E10B8C44783114
:10D48000E046CB00F1E52B4A116802928919116040
:10D490005A46013AC5E6104200D0C2E65246012380
:10D4A000A86892191A438046426001E74146019BF1
:10D4B0001960C0E643465860ACE7AA2040008242AB
:10D4C00021D8DA0B100078327730D20023E71A4BDC
:10D4D000994221D87C239C46A10C8C447D31E046A6
:10D4E000CB00C2E50198039B083800261818BEE659
:10D4F00039004846083100F0E3F8029B1968AB6830
:10D5000098465A68D4E60C4882420BD89A0C100010
:10D510007D327C30D200FEE6FE237E227F219046C3
:10D520009B00A2E5FE227E209200F4E643465B6863
:10D5300020E6C046344800205405000010B50248DB
:10D5400000F024F810BDC0463048002010B5024855
:10D5500000F01EF810BDC04630480020002370B512
:10D56000064C050008002360FCF70EFD431C00D0AC
:10D5700070BD2368002BFBD02B60F9E7AC50022074
:10D58000014B18687047C046084200207047C046EB
:10D590007047C046802310B55B01082801D11800F0
:10D5A00010BDFFF7EDFF16230360173BF7E7C046FA
:10D5B000030084469B070BD00300032102E00133E4
:10D5C0000B4206D01A78002AF9D16246981A7047A1
:10D5D000030019680C4A0D488A188A4302420FD189
:10D5E0005968094A04338A188A43024208D15968A3
:10D5F000054A04338A188A430242F1D000E001331D
:10D600001A78002AFBD1E0E7FFFEFEFE80808080D2
:10D61000F0B5C646050000B5804608200C00FFF7AF
:10D62000B9FF06002800FFF789FF224F3100BB68D1
:10D630005D6803239D4328001138001B8019FAF709
:10D64000A1F9441E7443A64207DC00214046FFF7BF
:10D6500085FFBB685B19984206D04046FFF776FF0E
:10D66000002080BCB846F0BD40466142FFF776FF1F
:10D6700001300DD001222D1BBB6815430E4A5D60A1
:10D68000136840461B1B1360FFF760FF0120E8E7AB
:10D6900000214046FFF762FFBA68831A0F2BDCDDDA
:10D6A000064C05492468001B086001210B435360A8
:10D6B000D3E7C046003E002034480020F43D00205F
:10D6C000F0B5C6460C00804600B5002940D0FFF7F3
:10D6D00035FF210008394E68012533000320AB4394
:10D6E000CA189446526882432800304007006448B4
:10D6F0008468644500D171E064466260A41864687F
:10D700002C40002F27D10E685E4F891B9B198E6815
:10D71000BE4256D0CF68F760BE60002C1DD0624676
:10D720001D434D6013608022920093422DD2DA088F
:10D730005C090123A340446823434360D3001B18C2
:10D740009A68CB608A609960D1604046FFF7FEFE20
:10D7500080BCB846F0BD002C0FD19B186246012456
:10D760009268484D1C43CE18AA4259D06546ED68D0
:10D77000D560AA604C603360D5E7624635434D60A2
:10D780001360802292009342D1D35A0A042A3DD8D2
:10D790009A09140039323834D60086193268083EA6
:10D7A0000325964203D14CE09268964203D050681C
:10D7B000A8439842F8D8D668CE608A60B160D1603C
:10D7C000C3E7002C33D1D218604663468068DB681B
:10D7D0001543C36098604D608A50B6E79A18002FD1
:10D7E00006D10B68C91A8C68D218CB68E3609C60BC
:10D7F000012313434B60244B81601B689342A4D8E0
:10D80000224B40461968FFF703FF9EE7142A13D9FD
:10D81000542A1DD81A0B14006F326E34D600BCE7A0
:10D82000D1609160CA608A604C6033608DE7624667
:10D830001D434D60136088E714005C325B34D600F2
:10D84000ABE70123A410A340446823434360B3E73C
:10D85000AA246400A24205D8DA0B14007832773487
:10D86000D6009AE70A4CA24205D89A0C14007D32E1
:10D870007C34D60091E7FE267E24B6008DE7C046B4
:10D88000003E0020083E0020F83D002064480020B3
:10D89000540500000000000001B40248844601BCA9
:10D8A000604700BF853B002001B40248844601BCAC
:10D8B000604700BF3502002001B40248844601BC25
:10D8C000604700BFD93A002001B40248844601BC39
:10D8D000604700BFA503002001B40248844601BC94
:10D8E000604700BF853B002001B40248844601BC6C
:10D8F000604700BF0105002001B40248844601BC16
:10D90000604700BF692C002001B40248844601BC76
:10D91000604700BFC100002001B40248844601BC3A
:10D92000604700BF0512002001B40248844601BCD4
:10D93000604700BF892C002001B40248844601BC26
:10D94000604700BFD901002001B40248844601BCF1
:10D95000604700BF9104002001B40248844601BC26
:10D96000604700BFC504002001B40248844601BCE2
:10D97000604700BFE119002001B40248844601BCA1
:10D98000604700BF2901002001B40248844601BC61
:10D99000604700BFBD21002001B40248844601BC9D
:10D9A000604700BF49070020097700103577001055
:10D9B00019790010D9870010C97F0010A5860010C2
:10D9C00041780010517700107177001085770010B2
:10D9D000D56100108D77001081650010A9760010C8
:0CD9E000ED6000108DA3001045C1001088
:10D9F000F81100105E110010E01300102211001049
:10DA00004E100010041000100C28001034270010D5
:10DA1000C8260010EC200010AE1D00106627001074
:10DA200053797374656D20636C6F636B206F662030
:10DA30002575206B487A2063616E6E6F7420626575
:10DA40002065786163746C792061636869657665C7
:10DA5000640000000A2A2A2A2050414E4943202A05
:10DA60002A2A0A004E6F207370696E6C6F636B73A5
:10DA70002061726520617661696C61626C6500008D
:10DA8000486172647761726520616C61726D2025F6
:10DA90006420616C726561647920636C61696D6595
:10DAA00064000000486172642061737365727400E1
:10DAB0004F7574206F66206D656D6F727900000080
:10DAC00052656C6561736500626F6F74325F7732A7
:10DAD0003571303830000000302E3200322E332EB7
:10DAE000300000007069636F0000000057697265C4
:10DAF0006C6573734B6579626F617264000000003E
:10DB0000536570203130203230323600666E692B1A
:10DB100000000000666E69006E616E00666E692D21
:10DB2000000000004C45440063616E6E6F74206617
:10DB3000696E6420657020307830300D0000000080
:10DB40006E6F20656E64706F696E7420307825305A
:10DB500032580D0A0000000050494F203120534D2B
:10DB600020282564202D20342920616C7265616491
:10DB70007920636C61696D656400000050494F2035
:10DB80003020534D20256420616C726561647920DA
:10DB9000636C61696D656400444D41206368616E2A
:10DBA0006E656C20256420697320616C7265616408
:10DBB0007920636C61696D656400000002010302F5
:10DBC00002010000810000000000000000010200CE
:10DBD00000000000FFFF000006005250D3F0754225
:10DBE000C0DA001006005250E182887FC8DA0010C7
:10DBF000060052503ABCA911D8DA00100600525063
:10DC0000ABB36053DCDA001006005250BBFF3CB6E9
:10DC1000E4DA001006005250861C0302ECDA001011
:10DC2000060052505422A29D00DB00100500525005
:10DC3000DE65F468A022011044950010FC940010E9
:10DC4000FC9400103C950010FC940010FC94001013
:10DC5000FC940010FC940010FC940010FC94001044
:10DC6000FC94001034950010FC9400102E950010C8
:10DC7000FC940010FC9400102695001038970010BA
:10DC8000569500102C970010569500101A9700100A
:10DC90005695001056950010569500105695001098
:10DCA0005695001056950010569500104C95001092
:10DCB0005695001056950010569500105695001078
:10DCC000569500104C950010CC970010BA94001097
:10DCD000BA940010BA940010BA940010BA940010CC
:10DCE000BA940010BA940010BA940010BA940010BC
:10DCF000BA940010BA940010BA940010BA940010AC
:10DD0000BA940010BA940010BA940010BA9400109B
:10DD1000BA940010BA940010BA940010BA9400108B
:10DD2000BA940010BA940010BA940010BA9400107B
:10DD3000BA940010BA940010BA940010BA9400106B
:10DD4000BA940010BA9400104897001084970010FD
:10DD500048970010BA940010BA940010BA940010BA
:10DD6000BA940010BA940010BA940010BA9400103B
:10DD7000BA940010BA940010BA940010BA9400102B
:10DD8000BA940010BA940010BA940010BA9400101B
:10DD9000BA94001064990010BA940010BA9400105C
:10DDA000BA940010BA940010BA940010BA940010FB
:10DDB000BA940010BA940010BA940010649900103C
:10DDC000DC970010649900104897001084970010A9
:10DDD0004897001000000000000000000000F03F25
:10DDE0000000000000002440000000000000594036
:10DDF0000000000000408F40000000000088C34089
:10DE000000000000006AF8400000000080842E41FD
:10DE100000000000D01263410000000084D7974149
:10DE20000000000065CDCD410D0A0000BAAE001023
:10DE30009AAD00109AAD00109AAD001010AF00100E
:10DE40006AAF0010E4AF001054AE001090AE0010A6
:10DE5000A6AD0010000000008DB90010A1B900109F
:10DE600015BB001031BC0010A5B9001069BA001034
:10DE7000090052500000000224DB001000000000E6
:10DE80000001020000000000FFFF000094DE00100F
:10DE90000AFF000046E0C4206600C7002810614069
:10DEA00029A02518E1408100B0DE00100AFF000023
:10DEB00046E0C4206600C7002800614029A0250074
:10DEC000E1408100CCDE001011FF000022C0C11033
:10DED00003C104C1CC10CC10CC10CC10CC10CC1091
:10DEE00026B14010C3B104C00140CA0006100000B2
:10DEF000F8DE001011FF000022C0C10003C104C100
:10DF0000CC00CC00CC00CC00CC00CC0026A1400042
:0CDF1000C3A104C00140CA0006000000CC
:10DF1C00D8DB0010E4DB0010F0DB0010FCDB0010A1
:10DF2C0008DC001014DC001020DC00102CDC0010CD
:04DF3C0070DE001083
:10DF400070B5144C2378002B12D0EFF3108572B605
:10DF50002378012B16D02378022B0AD085F3108862
:10DF6000BFF35F8F0023012223700B4B1A7040BF59
:10DF700070BD0A4B18680A4B19680A4B1A6800F002
:10DF8000DBFAEBE7054B1868064B196800F08EFAD0
:10DF9000E4E7C046BD7A0220BE7A0220944F0020FA
:10DFA000904F0020984F0020F8B5050003F094FD35
:10DFB000254BED1880232D0B2D039B029D4236D857
:10DFC000002D3AD0214B2249E8181A78CA5401335F
:10DFD0008342FAD103F020FDEFF3108772B60024DC
:10DFE00080212000490100F061FA80235B01E418E0
:10DFF000A542F5D80024174E8022200001343100BC
:10E0000052000136FF3400F097FAFF36A542F3D8EC
:10E0100087F31088FA200121C00003F085FD03F08A
:10E020008BFD00220021002003F036FDFEE70022D8
:10E030000021002003F030FDF8BD03F0EDFCEFF30C
:10E04000108772B6E4E7C046FF0F00000000101012
:10E05000A450F00FA450002080220F4B30B5186060
:10E060000E4B52001A600E4B0E4A196000231370BB
:10E07000BFF35F8F02210C4B197040BF0B490C4C52
:10E080008D6A03E08B6A5B1BA34203D81378D8B276
:10E09000002BF7D030BDC046944F0020984F002091
:10E0A000904F0020BE7A0220BD7A02200040054039
:10E0B00040420F00802200210E4B30B518600E4BFD
:10E0C00052011A600D4B0E4A19601170BFF35F8F39
:10E0D0000C4B0131197040BF0B490C4C8D6A03E0A9
:10E0E0008B6A5B1BA34203D81378D8B2002BF7D0FE
:10E0F00030BDC046944F0020984F0020904F002024
:10E10000BE7A0220BD7A02200040054080841E00B5
:10E11000F0B5454657464E46DE460123E0B587B08A
:10E12000002498460F681C4D009003AE019103E057
:10E130000134BC35202C22D04346A3401F42F7D0E7
:10E140002B00BA3B5A781B7993469A462B880822B3
:10E1500000213000994603F03FFD022373705B46B7
:10E16000B37053463371009B012173714B463000ED
:10E170000134B360BC3500F017F9202CDCD1019BD1
:10E180001A001B68BB43136007B0F0BCBB46B24625
:10E19000A946A046F0BDC0461E57022070B54400F7
:10E1A0001F4B24182401E418656984B0461CAB0693
:10E1B0000CD42B0611D46B0616D4EB071BD4AB077B
:10E1C00023D46369AB43636104B070BD21000020B8
:10E1D0001831FFF79DFF2B06EDD5210002202031DD
:10E1E000FFF796FF6B06E8D5210001201C31FFF7F1
:10E1F0008FFFEB07E3D5002301A843708380012143
:10E20000067000F0D1F8AB07DBD5012301A84370FD
:10E21000002301210670838000F0C6F8D1E7C046D4
:10E22000E46D0220D0231B061B6810B59C46002419
:10E2300005E0BFF35F8F1C6081F3108820BF026888
:10E24000EFF3108172B61368002BFCD0BFF35F8F21
:10E25000027903687F2AECD962460271BFF35F8FAF
:10E2600000221A6081F3108810BDC04603000068C8
:10E27000EFF3108C72B60268002AFCD0BFF35F8FF8
:10E2800004229A56002A0BDB002900D00A600020E5
:10E290001B68BFF35F8F00221A608CF310887047F1
:10E2A000D0221206126801201A71F1E7F0B51F00A2
:10E2B000D023C6461B061B6804001600984600259E
:10E2C00000B50AE0BFF35F8F156081F3108830005E
:10E2D000390003F051FC002818D12268EFF31081B7
:10E2E00072B61368002BFCD0BFF35F8F23792268CE
:10E2F0007F2BE7D943462371BFF35F8F0023136061
:10E3000081F31088012080BCB846F0BD0020FAE7F8
:10E3100070B582B001A9060014001D00FFF7A6FF2A
:10E32000002807D1D0221206019B12785BB252B2AC
:10E33000934201D102B070BD22002B003000FFF7E4
:10E34000B5FFF7E7F8B50E00070003F01DFCFA2251
:10E3500004000D00002392003000002103F0A4FB14
:10E3600022002B0012184B41002B02DA0122034B32
:10E3700052423800FFF79AFFF8BDC046FFFFFF7F0B
:10E380000268EFF3108172B61368002BFCD0BFF364
:10E390005F8FFF2303710368BFF35F8F00221A6052
:10E3A00081F3108840BF704770B5437805000E00B8
:10E3B000012B1FD0184B1C686269EFF3108172B6F5
:10E3C0001368002BFCD0BFF35F8FA16120002900F0
:10E3D00003F0E2FB6269A369BFF35F8F0021116064
:10E3E00083F31088002804D032006978287803F07D
:10E3F00033FB70BD094B01781A789142DAD101796B
:10E400005A789142D6D141799A789142D2D110214D
:10E41000DA788A43DA70CDE7304D0020C049002019
:10E42000084B9C461B78002B0BD1802306480749DC
:10E430005B051A68C25004338B42FAD1012362464D
:10E4400013707047B87A0220304E0010000100109F
:10E4500010B5014B984710BD314E0020084B5A684B
:10E4600042609A688260DA68C2601A6902615A6919
:10E4700042619B698361A0235B051B680360704751
:10E48000000002404268084B5A6082689A60C26885
:10E49000DA6002691A6142695A6182699A61A0234D
:10E4A00002685B051A60704700000240F0B54F46F5
:10E4B0004646D6468023C0B5421806000F0088B0F5
:10E4C000DB039A422ED800250024A88A238B164904
:10E4D0009847238B82461549A88A9847238B814603
:10E4E0001349A88A9847238B12498046A88A9847DF
:10E4F0000400FFF795FF01A8FFF7B0FFD047C8471A
:10E500008022D823390030005202C047A047FFF7CD
:10E510009FFF01A8FFF7B6FF08B0E0BCBA46B146BE
:10E52000A846F0BD03F050FB4946000045580000E6
:10E530005245000046430000F0B5DE4657464E46C1
:10E5400045468023E0B51700821806008B4689B047
:10E55000DB039A422DD800250024A88A238B164974
:10E560009847238B82461549A88A9847238B814672
:10E570001349A88A9847238B12498046A88A98474E
:10E580000400FFF74DFF01A8FFF768FFD047C84719
:10E590003A0059463000C047A047FFF759FF01A88D
:10E5A000FFF770FF09B0F0BCBB46B246A946A046D3
:10E5B000F0BD03F009FBC046494600004558000085
:10E5C0005250000046430000F0B5D6464F4646463E
:10E5D0000023C0B5182788B01E0081460D00988A18
:10E5E00046493B88140098473B8880464449B08A96
:10E5F0009847002343490600988A3B8898478246FB
:10E60000FFF70EFF01A8FFF729FFC047B0473E4BB9
:10E6100021001A6880239B005340C02292001340BF
:10E620003A4A1360002C1CD00823C0209C464005A9
:10E63000163F6246836A1A401F4239D0631A002986
:10E640002BD1002A0BD1002C0BD0C023082202268C
:10E650005B059B6A1A401E4242D0002AF5D0002C6E
:10E6600030D1294B1A68C0239B009343274A13607B
:10E67000D047FFF7EDFE01A8FFF704FF08B0E0BCAC
:10E68000BA46B146A846F0BD002C2BD1C022520597
:10E69000966A08223240B6072BD50D2B19D9002ACD
:10E6A000F2D1C0225205966A08223240B607F4D44D
:10E6B000002A04D10B002343002BBAD1D1E70B0071
:10E6C000002CF9D0036E013C2B70230001350B4365
:10E6D000F2E74B461B780139036601239944E7E7CB
:10E6E0000021E5E7C0235B051B6E013C2B70013563
:10E6F0009FE70B00A242DFD1DCE7C046494600009D
:10E7000045580000464300000C8001400C90014039
:10E710009A421CD24B005B18DB00C018DC30016849
:10E72000194B1940802311439B030B43036001687D
:10E73000164B19405301194380231B050B430360FB
:10E740000368134992020B401343036070474A0069
:10E750005218D2008018DC3001680B4A1140802228
:10E76000194392030A4302600168084A11405A01A2
:10E770001143802212050A430260026804499B0289
:10E780000A4013430360E1E7E0FF0FFC1FFCFFE3D7
:10E79000FF83FFFF10B50C00FF23020A604003490E
:10E7A00003405B00585A504010BDC046B8380020A6
:10E7B000036C8268F0B51D6803689200CE469446EB
:10E7C00099464746CC44634648244A2180B52D8863
:10E7D00047689D64025B415C120409021143A02258
:10E7E000C468D205A401A4187A000B00D119866A66
:10E7F000C9004944B0460E00C83633604646D83199
:10E800000E6001234946254E0B6304332660012523
:10E81000E3614B46196B0D42FCD0390018318D4035
:10E820009D6099680D42FCD00121994659240D0044
:10E83000015556234C46BD40C66B98463668D219E2
:10E8400033882668C769AE4326606646B3645223A0
:10E85000C65C023BC35AD2004A441B0436021E4324
:10E86000C83216602268B9402A43226054254446C3
:10E8700002697B001668DB198E431660045D405BFD
:10E88000DB00D31800042402C83304431C6013685F
:10E890000B431360C0BCB946B046F0BD546E0220B5
:10E8A000F0B54546DE4657464E46E0B5431C85B0BA
:10E8B0000093031D0193012306259A46802003241B
:10E8C000A84656460023FF22A3460025824615404F
:10E8D000AC46012057464C5D5D1C8C44A400ADB293
:10E8E000384200D0C2E0002E00D1DEE15B461C437E
:10E8F0000023984663461C705446A80810400B5CE1
:10E9000008189B009C466B1C9BB2A40700D53AE1FB
:10E910004446002C00D1BEE15D4664462C430025F0
:10E92000A9460470980810400C5C0818A400A04682
:10E930005C1CA4B2A4465446640700D561E14B4672
:10E94000002B00D19AE15C46434623430024037028
:10E950006346980810400B5C08189B009846634675
:10E960005D1C5346ADB21B0700D5D2E0002C00D190
:10E970009FE143465C46002623430370AB081340E7
:10E98000C85CCB1880008046681C80B28446504624
:10E99000C00600D554E1002E00D173E15C4640462C
:10E9A00020430024187063469B081340C85CCB18B2
:10E9B000800081466046451C5046ADB2800600D5B9
:10E9C000C4E0002C00D161E148465C4600262043AB
:10E9D0001870AB081340C85C57468000844640203E
:10E9E0006C1CCB18A4B2384200D0ECE0002E00D151
:10E9F00056E15D46604628430025A84618705346F8
:10EA0000A008104082465DB20B5C8A449B009C4685
:10EA1000631C9BB2002D44DA16009D082E40B146BF
:10EA200046468944002E00D1A5E1052080460120FC
:10EA300066460643504606704046012600280CD123
:10EA40004B46584600261B789B00034348460370FC
:10EA5000062080460234A3B29D080098019CA04283
:10EA600030D004780130A246009030E70127A80892
:10EA70007F4210404744B9460818002E00D122E1D9
:10EA80000126344366463470002F00D028E15D46ED
:10EA90000478A4002C430025A846023304709DB2DC
:10EAA0002AE74446002C00D108E164465846002677
:10EAB0000443504604700620019C804600989D083F
:10EAC000A042CED1FF2294462A40885C02248000D6
:10EAD00088546046FF26012703255A1C92080240ED
:10EAE000885C023380002043885498B28208324008
:10EAF0008B5C441C9B003B438B54A0B22C42F5D151
:10EB00008308D8B205B0F0BCBB46B246A946A046C1
:10EB1000F0BD1600AB081E40B14602938944002C9C
:10EB200000D0FEE047465B4606261F4305340770CB
:10EB3000012E00D0B2E14B4601201B789B0003431D
:10EB40006546484602350370ADB217E71600A808BF
:10EB500006408E190296002C00D029E10534A0460B
:10EB60005F464C4606263C431C70012E00D0CCE18B
:10EB70000120029B1B789B000343654602980235E7
:10EB80000370ADB225E714009E0834400C190294BE
:10EB90000524A14644460396002C00D0B3E0063479
:10EBA000A146013C67465E46374307704846012848
:10EBB00000D03CE1029B1B789B0003430298023586
:10EBC0000370ABB2AEE61700A0080740B94602904A
:10EBD0008944002E00D0DCE0062067468046584677
:10EBE00007431F7043460536012B00D0A9E14B4671
:10EBF00001201B789B000343484602350370ACB2EA
:10EC0000FDE66446A50814002C400C1902944C46FD
:10EC10000395002C00D092E047465D4606342F4312
:10EC200005260770012C00D01DE10125029800780F
:10EC300080002843029D02339BB29C46287087E6E1
:10EC40006046140080080440A14602908944002ECA
:10EC500000D082E0474658460624074305361F7019
:10EC6000012C00D036E14B4601201B789B0003436A
:10EC7000484602350370ABB29C4694E643460124F5
:10EC8000234364E64046012420438BE648460124A2
:10EC9000012620439CE601256446A9462C4340E614
:10ECA00001256046A8462843A8E6012398461C4350
:10ECB00020E643460124012623435EE66446012004
:10ECC00001260443F5E65E46344366463470444606
:10ECD000012C00D059E101250478A4002C43DCE686
:10ECE00004780233A400A44654469BB2A40700D47F
:10ECF00012E6022464424444A14614009E083440B3
:10ED00000C19039602946446012634430470484665
:10ED1000002800D04DE15846029B1B789B0003431E
:10ED20004CE74446012305261C430470002E00D006
:10ED300077E14B4658461B789B00034300E7464665
:10ED4000012505242E430670002C00D04EE15D46BF
:10ED500002980078800028436CE74646012005248D
:10ED600006431E70002C00D077E14B4658461B78B6
:10ED70009B0003437CE705206746804658460743CF
:10ED80003800062657463870012E00D1F7E00026DD
:10ED900063E6052066468046012006431E70434612
:10EDA000002B2DD14B4658461B789B00034323E78D
:10EDB00005264C4601273C431C70002E05D15846C1
:10EDC000029B1B789B000343D7E610400C5C0B189A
:10EDD000A0008446574640206C1CA4B2384200D1A3
:10EDE00007E6701E16008046A0080640B146029055
:10EDF0006646012006431E7043468944002BD1D04D
:10EE0000534602985DB2104082460B5C8A449B00D8
:10EE10009C46631C9BB2002D00DB46E616009D0855
:10EE200001202E40B146404280448944FFE5039EC4
:10EE300016408D5D8819AD00A8465D1CADB2AC468C
:10EE400055466D0700D419E765461600AD082E40FB
:10EE500003958D19474602955D462F43661E077040
:10EE6000012C00D1E1E6039D15404B5D48199B0044
:10EE7000984663465D1C5346ADB21B0700D418E7A5
:10EE80001400AB081C40474602935B46A1461F4353
:10EE90008944741E0770012E00D14CE6029B13407A
:10EEA000C85CCB1880008046681C80B284465046FF
:10EEB000C00600D4E6E660461600800806404746D5
:10EEC00002905846B14607438944661E1F70012CC4
:10EED00000D1C8E6029810400C5C0B18A0008146D7
:10EEE0006046451C5046ADB2800600D4CEE6140004
:10EEF000A80804400C190294741EA0465F464C46B4
:10EF00003C431C70012E00D132E610400C5C0B1803
:10EF1000A0008446564640206C1CA4B2304200D16A
:10EF2000BEE61600A008064002904046B14667467D
:10EF3000461E584607431F7043468944012B00D1A3
:10EF400055E6534602985DB2104082460B5C8A44F7
:10EF50009B009C46631C9BB2002D00DBAEE61000BC
:10EF60009D0828408146701E8046674658460743E4
:10EF70003800574689443870012E00D007E74B46C9
:10EF800001201B789B00034360E504780233A40052
:10EF9000A44654469BB2A40700D47CE616009F0802
:10EFA0003E404446B04688444646023C039702969B
:10EFB000F8E5039E16408C5D8819A400A0465C1CF1
:10EFC000A4B2A4465446640700D4BCE465461600C7
:10EFD000AD082E4003958D194C46464602950125F5
:10EFE000013C2E430670002C00D1B0E6039D154075
:10EFF0004B5D48199B00984663465D1C5346ADB275
:10F000001B0700D4B5E4661E1400AB081C40A146E3
:10F010000293444601231C4389440470002E00D10E
:10F0200087E6029B1340C85CCB1880008046681CB2
:10F0300080B284465046C00600D4AFE46046741ED9
:10F04000160080080640B14602904646012006435D
:10F0500089441E70002C00D187E6029810400D5C98
:10F060000B18A80081466046451C5046ADB280068C
:10F0700000D4A9E4661E1400A80804400C190294E8
:10F0800097E6C046F0B54546DE464E465746012354
:10F09000E0B50324062585B01E00831C0090029372
:10F0A00000200023FF22A346A84610400D5C0C1848
:10F0B000A800844600985D1C0078ADB2824601200D
:10F0C0005746384200D0E6E0002E00D1D4E1584641
:10F0D000634603430020804623705446A80810402E
:10F0E0000B5C08189B009C466B1C9BB2A40700D5C8
:10F0F000EDE04446002C00D1C3E15D4664462C435C
:10F100000025A9460470980810400C5C0818A4005B
:10F11000A0465C1CA4B2A4465446640700D521E175
:10F120004B46002B00D1DFE15C46434623430024DD
:10F1300003706346980810400B5C08189B009846C3
:10F1400063465D1C5346ADB21B0700D5DFE0002CC3
:10F1500000D182E143465C46002623430370AB089E
:10F160001340C85CCB1880008046681C80B284467F
:10F170005046C00600D54FE1002E00D169E15C4643
:10F18000404620430024187063469B081340C85C27
:10F19000CB18800081466046451C5046ADB28006C3
:10F1A00000D5FEE0002C00D15CE148465C4600261C
:10F1B00020431870AB081340C85C57468000844653
:10F1C00040206C1CCB18A4B2384200D006E1002EBF
:10F1D00000D14CE15D46604628430025A8461870E2
:10F1E0005346A50815405EB24B5D48199B009C46EE
:10F1F000631C01909BB2002E00DBA5E0160098086E
:10F200000640B14646468944002E00D175E10525E9
:10F21000A846012566462E43019D2E7045460126CF
:10F22000002D0CD14B46584600261B789B0003430B
:10F230004846037006200234A3B280469808009C1A
:10F24000029D01340094A54200D02EE7FF2294468F
:10F2500010400A5C022492000A546046FF270126EF
:10F2600003255A1C92080240885C02338000204328
:10F27000885498B282083A408B5C441C9B0033430C
:10F280008B54A0B22C42F5D105B0F0BCBB46B246BF
:10F29000A946A046F0BD0127A8087F421040474478
:10F2A000B9460818002E00D1F0E0664601273E431B
:10F2B00026704C46002C00D0F5E05D460478A40092
:10F2C0002C430025A846023304709DB205E71400C4
:10F2D0009E0834400C1901940524A1464446039627
:10F2E000002C00D0F2E00634A146013C67465E46A1
:10F2F000374307704846012800D054E1019B1B7832
:10F300009B000343019802350370ABB2FBE6160085
:10F31000AB081E40B14601938944002C00D008E19F
:10F3200047465B4606261F4305340770012E00D072
:10F330006FE14B4601201B789B000343654648461E
:10F3400002350370ADB20AE74046002800D1CFE095
:10F3500060465C4600262043019C207006208046C3
:10F3600098086CE76446A50814002C400C19019419
:10F370004C460395002C00D0E9E047465D46063434
:10F380002F4305260770012C00D027E101250198A5
:10F39000007880002843019D02339BB29C46287070
:10F3A000C7E61600A80806408E190196002C00D06A
:10F3B000DBE00534A0465F464C4606263C431C7005
:10F3C000012E00D05CE10120019B1B789B000343D0
:10F3D0006546019802350370ADB2EBE61700A00850
:10F3E0000740B94601908944002E00D0CBE00620AA
:10F3F00067468046584607431F7043460536012B33
:10F4000000D059E14B4601201B789B00034348463E
:10F4100002350370ACB2E3E6604614008008044095
:10F42000A14601908944002E75D1474658460624CE
:10F43000074305361F70012C00D006E14B46012022
:10F440001B789B000343484602350370ABB29C46D1
:10F450009AE640460124204395E6434601240126CE
:10F4600023437BE64846012401262043A1E60125EB
:10F470006046A8462843B2E601206346804603431F
:10F480002AE601256446A9462C433BE666465F46CC
:10F490003E4326704446012C00D033E10125047818
:10F4A000A4002C430FE704780233A400A44654467A
:10F4B0009BB2A40700D420E6022464424444A1463F
:10F4C00014009E0834400C190396019464460126EA
:10F4D000344304704846002800D03EE15846019B62
:10F4E0001B789B0003430DE74346012423431FE69B
:10F4F00060460124012620432EE705256746A846DD
:10F500005D462F433D000626019F3D70012E00D130
:10F51000F2E0002693E646460120052406431E70CD
:10F52000002C00D06DE14B4658461B789B000343EE
:10F5300089E74446012305261C430470002E00D0B1
:10F5400043E14B4658461B789B000343F6E646468C
:10F55000012505242E430670002C00D01AE15D46DB
:10F56000019800788000284315E74C4601270526BE
:10F570003C431C70002E00D05DE15846019B1B7877
:10F580009B00034324E7052080466646012006438E
:10F590001E704346002B00D0C8E04B4658461B78EF
:10F5A0009B00034333E7039E16408D5D8819AD0031
:10F5B000A8465D1CADB2AC4655466D0794D5654670
:10F5C0001600AD082E4003958D19474601955D46FE
:10F5D0002F43661E0770012C00D1D7E6039D15400E
:10F5E0004B5D48199B00984663465D1C5346ADB27F
:10F5F0001B0700D431E71400AB081C4047460193B9
:10F600005B46A1461F438944741E0770012E00D13A
:10F610008FE6019B1340C85CCB1880008046681CB5
:10F6200080B284465046C00600D412E760461600F9
:10F6300080080640474601905846B1460743894432
:10F64000661E1F70012C00D1F8E6019810400C5C7A
:10F650000B18A00081466046451C5046ADB280069E
:10F6600000D4FFE61400A80804400C190194741E8D
:10F67000A0465F464C463C431C70012E00D1A2E6DA
:10F6800010400C5C0B18A0008446564640206C1CB1
:10F69000A4B2304200D1EAE61600A008064001906C
:10F6A0004046B1466746461E584607431F704346CC
:10F6B0008944012B00D1A5E653465BB29A460198D6
:10F6C00010400B5C0818019050469B009C46631C40
:10F6D0009BB2002800DB0BE7150098080540A946FF
:10F6E000751EA84667465D462F433D00019F89442D
:10F6F0003D70012E00D00CE74B4601201B789B008B
:10F70000034395E504780233A400A44654469BB213
:10F71000A40700D4B5E616009F083E404446B04614
:10F7200088444646023C03970196DFE5534601981C
:10F730005EB210400B5C08189B009C46631C019055
:10F740009BB2002E00DB03E60120160040428044FD
:10F7500098080640B14689445BE5039E16408C5DDF
:10F760008819A400A0465C1CA4B2A44654466407B1
:10F7700000D4D9E465461600AD082E4003958D19D6
:10F780004C46464601950125013C2E430670002C4F
:10F7900000D1E4E6039D15404B5D48199B00984657
:10F7A00063465D1C5346ADB21B0700D4D2E4661E0F
:10F7B0001400AB081C40A1460193444601231C439E
:10F7C00089440470002E00D1BBE6019B1340C85C45
:10F7D000CB1880008046681C80B284465046C00624
:10F7E00000D4CCE46046741E160080080640B14682
:10F7F000019046460120064389441E70002C00D12A
:10F8000091E6019810400D5C0B18A80081466046F7
:10F81000451C5046ADB2800600D4C6E4661E1400F6
:10F82000A80804400C19012701944C463C431C7065
:10F83000002E00D1A1E610400C5C0B18A0008446FD
:10F84000574640206C1CA4B2384200D1C2E4701E5E
:10F8500016008046A0080640B1460190894494E60F
:10F86000F0B5DE4657464E464546E0B587B00290B5
:10F870000391002900D1DDE3002306250324019331
:10F8800001331E0000200023FF21A346A8460840A4
:10F89000155C1418A8008446019D0298405D5D1C0B
:10F8A000824601205746ADB2384200D0EBE0002E30
:10F8B00000D1DBE1584663460343002080462370B5
:10F8C0005446A8080840135C10189B009C466B1C0B
:10F8D0009BB2A40700D5F2E04446002C00D1CAE157
:10F8E0005D4664462C430025A946047098080840EC
:10F8F000145C1018A400A0465C1CA4B2A446544694
:10F90000640700D526E14B46002B00D106E25C4699
:10F910004346234300240370634698080840135C61
:10F9200010189B00984663465D1C5346ADB21B07FA
:10F9300000D5E4E0002C00D189E143465C46002676
:10F9400023430370AB080B40D05CD3188000804683
:10F95000681C80B284465046C00600D555E1002E92
:10F9600000D170E15C464046204300241870634695
:10F970009B080B40D05CD318800081466046451C34
:10F980005046ADB2800600D503E1002C00D163E102
:10F9900048465C46002620431870AB080B40D05CFC
:10F9A00057468000844640206C1CD318A4B23842CD
:10F9B00000D00CE1002E00D153E15D4660462843A3
:10F9C0000025A84618705346A5080D40AA465EB209
:10F9D000535D92449B009C46631C9BB2002E00DB4F
:10F9E000AAE00E0098080640B14646469144002E13
:10F9F00000D19CE10525A846012566462E435546C3
:10FA00002E7045460126002D0CD14B465846002647
:10FA10001B789B0003434846037006200234A3B2C0
:10FA200080469808019C039D01340194AC4200DAA1
:10FA30002DE7FF24591C890820402140023310186B
:10FA400051189BB20224A4460478FF27A400047036
:10FA500064460878012680002043087003251800BA
:10FA600081083940535C441C9B0033435354A0B27B
:10FA70002C42F5D18308D8B207B0F0BCBB46B246E1
:10FA8000A946A046F0BD0127A8087F420840474488
:10FA9000B9461018002E00D1F2E0664601273E4319
:10FAA00026704C46002C00D0F7E05D460478A40098
:10FAB0002C430025A846023304709DB200E70C00D9
:10FAC0009E083440141904940524A1464446059622
:10FAD000002C00D0F4E00634A146013C67465E46A7
:10FAE000374307704846012800D067E1049B1B7824
:10FAF0009B000343049802350370ABB2F6E60E0098
:10FB0000AB081E40B14604939144002C00D037E16D
:10FB100047465B4606261F4305340770012E00D07A
:10FB200082E14B4601201B789B0003436546484613
:10FB300002350370ADB205E74046002800D1F1E080
:10FB400060465C46002620435446207006208046CE
:10FB5000980867E76446A5080C002C401419049423
:10FB60004C460595002C00D0FCE047465D46063427
:10FB70002F4305260770012C00D03AE10125049897
:10FB8000007880002843049D02339BB29C46287075
:10FB9000C2E60E00A8080640961904960526002C19
:10FBA00000D0AEE00534A0465F464C4601363C43EB
:10FBB0001C70012E00D06EE10120049B1B789B007D
:10FBC00003436546049802350370ADB2E5E60F00C5
:10FBD000A0080740B94604909144002E00D0DDE013
:10FBE000062067468046584607431F704346053641
:10FBF000012B00D06BE14B4601201B789B00034397
:10FC0000484602350370ACB2DDE660460C00800861
:10FC10000440A14604909144002E00D095E0474650
:10FC200058460624074305361F70012C00D017E103
:10FC30004B4601201B789B00034348460235037066
:10FC4000ABB29C4693E64046012420438EE64346F1
:10FC500001240126234374E648460124012620435B
:10FC60009AE601256046A8462843ABE60120634694
:10FC70008046034323E601256446A9462C4334E627
:10FC800066465F463E4326704446012C00D043E161
:10FC900001250478A4002C430DE704780233A40066
:10FCA000A44654469BB2A40700D419E60224644239
:10FCB0004444A1460C009E0834401419059604944F
:10FCC00064460126344304704846002800D063E1AE
:10FCD0005846049B1B789B0003430BE7049808409D
:10FCE000155C1318A80081466046451C5046ADB20D
:10FCF000800600D44CE6661E0C00A80804401419C7
:10FD000004944C4601273C431C70002E00D02EE189
:10FD10005846049B1B789B00034352E7434601244B
:10FD20002343F8E560460124012620430CE705251E
:10FD30006746A8465D462F433D00062657463D7060
:10FD4000012E00D1E2E000266CE6052446460120A3
:10FD500006431E70002CC1D14B4658461B789B00B1
:10FD600003436AE74646012505242E430670002C0E
:10FD700000D02EE15D46049800788000284302E719
:10FD80004446012305261C430470002E00D03BE1AD
:10FD90004B4658461B789B000343C7E60520804628
:10FDA0006646012006431E704346002B00D0C7E084
:10FDB0004B4658461B789B00034321E7059E0E40A7
:10FDC000955D9019AD00A8465D1CADB2AC46554698
:10FDD0006D07A3D565460E00AD082E400595951913
:10FDE000474604955D462F43661E0770012C00D1DF
:10FDF000C4E6059D0D40535D50199B00984663462F
:10FE00005D1C5346ADB21B0700D420E70C00AB08C5
:10FE10001C40474604935B46A1461F439144741E11
:10FE20000770012E00D17CE6049B0B40D05CD318F8
:10FE300080008046681C80B284465046C00600D4CC
:10FE400001E760460E008008064047460490584689
:10FE5000B14607439144661E1F70012C00D1E7E6AE
:10FE600004980840145C1318A00081466046451CA5
:10FE70005046ADB2800600D4EEE60C00A80804405F
:10FE800014190494741EA0465F464C463C431C70F3
:10FE9000012E00D190E60840145C1318A00084469F
:10FEA000564640206C1CA4B2304200D1D9E60E0068
:10FEB000A008064004904046B1466746461E584694
:10FEC00007431F7043469144012B00D193E60498E9
:10FED000534608400500AA4658B2535D92449B0021
:10FEE0009C46631C9BB2002800DB1BE70D009808B2
:10FEF0000540A946751EA84667465D462F433D004E
:10FF0000574691443D70012E00D01CE74B4601201E
:10FF10001B789B0003437EE504780233A400A446CB
:10FF200054469BB2A40700D4A5E60E009F083E40AD
:10FF30004446B04690444646023C05970496CDE5BB
:10FF4000534604985EB208408246135C92449B007C
:10FF50009C46631C9BB2002E00DBF1E501200E00E5
:10FF60004042804498080640B146914444E5084028
:10FF7000145C1318A0008446574640206C1CA4B2A1
:10FF8000384200D119E5701E0E008046A0080640D8
:10FF9000B1460490914403E7059E0E40945D90198C
:10FFA000A400A0465C1CA4B2A4465446640700D436
:10FFB000ADE465460E00AD082E40059595194C46FA
:10FFC000464604950125013C2E430670002C00D1C5
:10FFD000D0E6059D0D40535D50199B009846634641
:10FFE0005D1C5346ADB21B0700D4A6E4661E0C0090
:10FFF000AB081C40A1460493444601231C43914492
:020000041001E9
:100000000470002E00D1C3E6049B0B40D05CD318D3
:1000100080008046681C80B284465046C00600D4EA
:10002000A0E46046741E0E0080080640B1460490AD
:1000300091448BE611001000022303E5F0B5DE4683
:1000400057464E464546E0B58FB0040092460291B1
:100050000022C16B006801F0A7FD0023A3602368A4
:100060005246984653469B78D7786268FFB29346CB
:10007000DAB29146203B00D58BE201229A40130070
:10008000012148460A0082403800203800D57CE231
:100090008140194301910121B940EE4D114345447E
:1000A000404600912D0D594601F056FD06350122BE
:1000B0000021484601F0C8FCEDB2012200213800C1
:1000C00001F0C2FC2900484601F0D6FC29003800A6
:1000D00001F0D2FC80235B020A938123DB010B93A6
:1000E0008023DB050D93DC4B05200C9301F00CFD08
:1000F00001F08AFCD94901F0B7FCEC21890501F037
:10010000DBFC061C01F020FD85B20020002D0ED086
:10011000280001F079FC011C301C01F085FC8721CE
:10012000C90501F0E1FC01F00FFDC0B200022D0491
:100130000543012259460AAB40460A9501F07CFC72
:100140003B004A4659464046FEF7E2FA5A4601232A
:10015000934042461268029E134342461360F37B6B
:10016000A5685A1E93418022DB0212019B181F22B0
:10017000291D023511402A4019431A43A1626262C7
:10018000337B20697F2B00D9F5E1B54901F0ECFC08
:1001900080464346A361534602982169007B9A78C2
:1001A00040B2DB788B4661690390D0B289460490F7
:1001B000DDB29A4200D344E1002302000093584686
:1001C000023301F081FC049E01220021300001F085
:1001D0003BFC01220021280001F036FC0121300007
:1001E00001F08AFC2800012101F086FC43464246CA
:1001F0000633D2011B031343039A0593002A00DB45
:1002000042E1C02380261B03F8270C93002306AD90
:1002100010220AA9280076027F020D930A960B97F6
:1002200001F0CAFC059B102229006B600AA801F0AE
:10023000C3FC0AA91022280001F0BEFC0021F8230B
:10024000AE681B03B446874E039331406B68864EFD
:10025000F8273340854E05933000664606408448B3
:10026000039B0643AE60049E7F05F00303401943E1
:10027000E960059B310639400B43424649466B60B5
:1002800058462B0001F0D8FB4846012143001B18BB
:10029000DB0081405B447748D83318605B461B68BD
:1002A0001F228B4359460B60A36920691340E36208
:1002B000714B2363029B5B7B7F2B00D960E16F490D
:1002C00001F052FC83465B46236253469B780D2126
:1002D000DBB203935B46DA1C09331B03D2011A43DA
:1002E000029B0592595602919B799946236998463B
:1002F0005346DB780493002900DB02E1C02380260B
:100300001B03F8270C93002310220AA92800760269
:100310007F020D930A960B9701F04EFC059A290077
:100320006A600AA8102201F047FC102228000AA9DE
:1003300001F042FC0022039BAF68D903049BBC463A
:100340001806F8231B031940F823464F5B053A4073
:1003500011431840444A6B688026134003436B6086
:100360006346474A36041A403243AA60E9600520D2
:1003700001F0CAFB01F048FB424901F075FBEC219A
:10038000890501F099FB061C01F0DEFB82B2170023
:100390000023002A0ED0100001F036FB011C301C97
:1003A00001F042FB8721C90501F09EFB01F0CCFB67
:1003B000C3B21B02380418435A462B004946069024
:1003C000404601F039FB4A460123934042461268F9
:1003D000616813434246136053469A78DB7820687D
:1003E000D2B2DBB2FEF794F9616922694B005B1867
:1003F0005146DB00D318CC338D781B481968E4696B
:100400002D0601402943196063001B19DB00D31836
:100410001C005246CC34D1782268090602400A43B7
:1004200022605246DC3391780E481A68C9030240B4
:100430000A431A600FB0F0BCBB46B246A946A046BC
:10044000F0BD00232A0000935846023301F03CFB24
:10045000B9E6C0460000E0AF00000650001B374C74
:100460008CDE0010FF7FF0FFFFFFFFE0FFFF0A3E82
:1004700000008580EBA0000020E00000C4DE00103A
:10048000FFFF0AFE001BB74C180080235B02069397
:100490004A4B802218400300C021D2051343079322
:1004A000039B09030891099206AD203B77D40122F2
:1004B0009A4013001F0001930123039A4946934079
:1004C0001E00584600220093002301F045FB320035
:1004D0003B00494658460096019701F01DFB3849FC
:1004E000039E5944090D0631C9B2300001F0C4FA27
:1004F000F822B302D2011340E968324A114019438D
:100500009DE680231000C02180225B0206932B4BC6
:1005100009031840029B920568600891EA60203B3D
:1005200044D401229A4013001F0001930123029A30
:10053000494693401E00404600220093002301F0EC
:100540000BFB32003B00494640460096019701F004
:10055000E3FA1B49029E4144090D0631C9B230003D
:1005600001F08AFAF822B302D20113401549EA6871
:100570000A401A43DFE6144901F0F6FA804608E61D
:10058000124901F0F1FA83469DE62020C01BC140CC
:100590007FE54B462022D21A0123D34070E5202369
:1005A000039A9B1A0122DA40130083E72023029A60
:1005B0009B1A0122DA401300B6E7C046FFFFFF9FF7
:1005C0000000E0AFFF83FFFFA8DE0010F0DE0010A8
:1005D000F8B5CE464746582380B5C35C04000E00EC
:1005E0009146002B33D10123D8259C46A023A84651
:1005F000E2686768DB059201D2187B002168D81990
:10060000C000081880444546A06A28604846166025
:10061000D06101220A6360460A6B1042FBD0592266
:100620000863A25C002A0AD0DB19DB00CB18D433A4
:100630001A68022AFCD9C0BCB946B046F8BDDA191E
:10064000D2008B18D4331A68012AF4D8FBE7FEF7DE
:10065000AFF8C8E7F0B50400F020CE464746C0002A
:10066000DB0103407F2080B5024085B015006F4656
:100670001D43013038702800797001F047F801AE51
:10068000BD70C0002D0A054331006846FD70FEF7BD
:1006900007F95823E35C8146002B34D10123D82588
:1006A0009C46A023A846E1686768DB058901C91854
:1006B0007B002068DA19D200821890444546A26A6D
:1006C0002A604A460E60CA61012202636146026BDB
:1006D0001142FBD059220163A25C002A0BD0DB1926
:1006E000DB00C318D4331A68022AFCD905B0C0BC99
:1006F000B946B046F0BDDA19D2008318D4331A686F
:10070000012AF3D8FBE72000FEF752F8C6E7C046FF
:100710000121F0B50D0080234469C646A5401B06A3
:100720009C460269231D994063001B1914680D4FF4
:10073000AC43DB0000B5C66A1460046BD01803003C
:10074000C01967460760076080208001D833101801
:1007500001601E601C6013682B43136080BCB846A8
:10076000F0BDC046D0100000F0B5C646592300B514
:10077000C35C09215A1E9341304C5B421940082644
:10078000A56A033103E003691A6B164207D1A36A15
:100790005B1B8B42F7D9002080BCB846F0BDA66A2F
:1007A000A26A0021921B072AF5D8244A9046022902
:1007B0001CD05A274269DC68D500BC460435EC40A1
:1007C00045180832AC444B3F4D1C92002DB22742D5
:1007D0000CD061469A58120E0A704246966A926A86
:1007E000921B072A1ED829000229E2D104241A6B81
:1007F000144218D14246926A921B072A13D8022942
:1008000018D10E4C023103E0A26A921B072A02D8CB
:100810001A6B1142F8D05A23C35C802BBBD1253B05
:10082000C05CB9E729000229B5D15A23C35C802BEB
:10083000B1D1F4E70D002900D6E7C04600400540DD
:10084000F0B5DE4657464E4645465923E0B589B0D9
:100850000691C35C8346002B19D1002203209D4BD7
:100860000792996A08245D469A4A03E02E69336B21
:100870001C4216D1936A5B1A8342F7D90120404289
:1008800009B0F0BCBB46B246A946A046F0BD502315
:10089000C25A0C2053009B188E4A5B00916A079342
:1008A000E0E7936AAB4602936B698B4FDA0008333B
:1008B0009B0004930F239A46864B043299465A2391
:1008C000019200250022B8465B44039705930199E5
:1008D000F368CB405146194220D0049BF458240EB3
:1008E0007F2D26DD4B469B6A029321003F0A24029E
:1008F00040462743FDF74EFFFA43039B92B2D21ABC
:1009000053425A41434680460393D2B20199F36859
:100910000135CB4051462DB21942DED10421336B53
:1009200019420ED14B4602999B6A5B1A072BCED90E
:10093000A4E7059B5C554B469B6A0293012DD4DCD2
:10094000E4E7079B002B01D0033BFDD2069BD22B93
:1009500041D1032D00DC91E7002A00D18EE75A46F1
:100960007A3BD35C002B32D105218C460439894671
:1009700059465B46C868A0215F465A68C9055400BD
:1009800080011B684018A118C900BF6A5918D831E6
:100990000F605249012601606146C16149461963F1
:1009A000196B0E42FCD0592158461E63A218D20082
:1009B000415C9B18D433002904D11A68012AFCD960
:1009C000281F5DE71A68022AFCD9281F58E75846F5
:1009D000FDF7EEFEC8E75A465823D35C069A5A2A1A
:1009E0002ED0002B64D15A4659461068926A5B4655
:1009F00016000122CC68A02191465B68C9055A0007
:100A0000A4016418D118C9004118D8310E603449C6
:100A10000527216049460125E7610163016B0D420D
:100A2000FCD059215C460563615C002937D0D3189E
:100A3000DB00C318D4331A68022A00D91EE7FAE78C
:100A4000002B42D15A4658461168926A5B461600FE
:100A50000122C468A02091465B68C0055A00A40129
:100A60002418D018C0000818D83006601D48052783
:100A7000206048460125E7610863086B0542FCD009
:100A800059205C460D63205C002815D0D318DB008C
:100A9000CB18D4331A68022A00D9EFE6FAE7D21845
:100AA000D2008318D4331A68012A00D9E6E6FAE79F
:100AB0005846FDF77DFE96E7D218D2008B18D43346
:100AC0001A68012A00D9D9E6FAE75846FDF770FE00
:100AD000B8E7C04600400540FFFF0000FC4D002085
:100AE000C47702204C54022000224B7910B50C79B7
:100AF0001B022343C3808B780371CB7803728B79FD
:100B000043728272C27210BD30B5437B150004007F
:100B100093B0DAB2002B3ED1B433C1500433C55286
:100B20000233C252B12200238354C278002A08D172
:100B30004371002301220120A373E373627313B096
:100B400030BDC3889D4201D3C588ADB2E37A013B75
:100B50005A1E934178225B4213406A464B335371CD
:100B60008023901D13712A0001F026F8B423290078
:100B7000E05800F089FF01AA0300291D1000AD18FC
:100B80002200AB70C9B21B0A1032EB70FEF768FE90
:100B9000B023E054CDE70020D1E7C04630B50124B2
:100BA0000278134D53009B18124A1B019B18124ADE
:100BB000821A92106A43250095405A690A435A6185
:100BC00020290DD0402905D0802906D11A6A2A4350
:100BD0001A6202E0DA692A43DA610023437330BD06
:100BE0009A692A439A61C378002BF6D14471F4E7DD
:100BF000CF467D67E46D022064560220B42330B5F1
:100C00000400C05893B04018E05001239C4665464C
:100C1000BA22E37A6B40E372A35ACB189BB2A35279
:100C2000E2888A4203D8B822A25A934206D320000F
:100C30002021FFF7B3FF002013B030BDE178002979
:100C40002BD0D21AE38892B215009A4201D3E288DF
:100C500095B2E37A0100013B5A1E934178225B4230
:100C600013406A464B3353718023901D13712A0041
:100C700000F0A2FFB4232900E05800F005FF0300B4
:100C800001A82A1893701B0AD3702200291DC9B22B
:100C90001032FEF7E5FDB023E0540120CCE7C0465A
:100CA000282E002005FF000000D7A27380F3A26B5E
:100CB00083F000003C2E002005FF000000C7A27357
:100CC00080F3A26B83F00000502E002005FF00008F
:100CD00000CFA26B80EBA27383E80000642E00209B
:100CE00005FF000000C7A26B80EBA27383E8000041
:100CF0009A421CD24B005B18DB00C018DC30016844
:100D0000194B1940802311439B030B430360016877
:100D1000164B19405301194380231B050B430360F5
:100D20000368134992020B401343036070474A0063
:100D30005218D2008018DC3001680B4A1140802222
:100D4000194392030A4302600168084A11405A019C
:100D50001143802212050A430260026804499B0283
:100D60000A4013430360E1E7E0FF0FFC1FFCFFE3D1
:100D7000FF83FFFF0122F0B5D6464F4646461100DD
:100D8000C0B5D02583782D0699406B6804000B40D0
:100D900059424B41C17882B08A4011006A680A40CA
:100DA00051424A41520013430122002B2BD13220E1
:100DB0009A4601272E4A916A936A9942FCD0A378F9
:100DC0003E009C466B68E178994663469E4033003E
:100DD0003E008E40B4464E461E403300664669686B
:100DE000013831400E00714271411E00734273415F
:100DF00049000B4359424B419A440028DBD15346EA
:100E000001222D2B06D8100002B0E0BCBA46B14634
:100E1000A846F0BD0223A073E2736269154D1A4320
:100E2000154B6261E41A2411A3001B191A019B18C7
:100E30001A029B181A049B185B001C19BC235B0147
:100E4000E4B2EE1802E0BC35B5420FD02B78A342D5
:100E5000F9D1EB88002BF6D06B7B002BF3D0280068
:100E60004021BC35FFF79AFEB542EFD10022CAE718
:100E70000040054064560220E46D0220F0B5C646ED
:100E80002A4B8025596801208C464A2400B56D0202
:100E900082B00195A0460500644659220021A54074
:100EA000995419685F690A684826AA430A6042464D
:100EB0009C5C9A5B2402120414430200BA40009224
:100EC0004C22904662462600DC695200A0406244F3
:100ED000D2008A18C83216600A682A430A601A6962
:100EE000009D16687900C919AE43C90016605118F3
:100EF000019EC8310E601168294311601168454692
:100F0000814311604E21595C5B5B09021B0419434C
:100F100063001B19DB00D318C8331960136818432A
:100F2000106002B080BCB846F0BDC04658540220E4
:100F3000037B002B07D006480649074A074BD863B6
:100F400019645A64704704480549014AF6E7C046E7
:100F5000503800203C3800207838002058540220B7
:100F600064380020F8B5B822BA23865AC25AC3881A
:100F7000B61AB6B204009E4201D3C688B6B22D4D51
:100F80002800FFF7C5FB62782379E1212800D2B25F
:100F9000DBB2FFF75FFBB0232100E25C10312800D9
:100FA000FFF716FB1E221E212B691A631A6B1142D2
:100FB000FCD101272800FFF7D7FB3A006B695B20C3
:100FC0009A40130029690A689A430A602A5CDB4345
:100FD000D22A15D05A2A09D01E2A1AD180212000DF
:100FE000FFF7DCFD6B6929699F40FB43B1220020BC
:100FF000A0540A6813400B605A220023AB52F8BD7C
:1010000031002000FFF7FAFD6B6929699F40FB431F
:10101000ECE7B120225C0132D2B22254022AE8D994
:1010200040212000FFF7BAFD6B6929699F40FB430F
:10103000DFE7C04658540220F8B50500EB7A782661
:10104000013B5A1E9341314C5B4220001E40FFF78A
:101050005FFB6A782B796921D2B2DBB22000FFF7FF
:10106000F9FA1E221E2123694B361A631A6B1142AC
:10107000FCD1D2212000FFF7E3FB5B230700E35CF8
:10108000002812DBB34223D02A79812A2CD0B12345
:1010900000222169EA54012260690B68824093436F
:1010A0000B605A220023A352F8BD5A2BEFD01E2BFF
:1010B00026D0B12221690B6BAB5C0133DBB2AB54A0
:1010C000022BE8D940212800FFF768FD2169E2E7FB
:1010D000B4232100E8585C313A0000F06DFD28008F
:1010E000B9B2FFF78BFDD2E7C32B01D04B2BCED18A
:1010F0004B3B5A425341EB72B4230549E858EBE7A6
:1011000080212800FFF74AFDC1E7C046585402205D
:10111000B454022070B50400214D2800FFF7F8FAFE
:10112000627800232D212800D2B2FFF793FA002322
:10113000B0222100A25C1031E3722800FFF748FAC8
:101140001E231E2229690B6316000B6B1E401A42D8
:10115000FAD12800FFF708FB01226B6929699A4040
:101160000B6893430B60D2280CD1BA2308222021AC
:10117000E2522000FFF712FDB123E6545B23002268
:10118000EA5470BD2D23B122E372A35C0133DBB2BC
:10119000A354022BF2D940212000FFF7FFFCEDE71A
:1011A00058540220F0B580240E00170019000500E5
:1011B0000023A401002A0BD05A00C818B25A1230DA
:1011C00080000133A24200D2521842519F42F3D80C
:1011D000F0BDC046F0B5C6465923002200B5364CD6
:1011E00082B00600E254FFF7A3FE802263682768FE
:1011F0005D00ED183148ED0001937B19E16B1B1880
:1012000012061A601A603800A3680A790968FFF7A5
:10121000C9FF4A234822E35CA25A7D1912041B022B
:1012200013432A0038008027C8321360B278F3785D
:101230000199D2B2DBB2FFF75BFD636AD8352B6050
:1012400063697A0290465A002569D218D200AA181A
:101250001000B378CC301B060193194F0368BC46CD
:101260003B40019FE1693B4303604346C832136042
:101270004B005B18DB00EB181F006146CC37F5789C
:101280003A682D060A402A433A60B5781E00DC36DB
:1012900032680C4FED033A402A4332604C214E2213
:1012A000615AA25C09041202C8330A431A6002B0F0
:1012B00080BCB846F0BDC04658540220D010000093
:1012C000FFFFFFE0FF7FF0FFF0B5C6465923012284
:1012D00000B5364C82B00600E254FFF729FE8022AA
:1012E000636827685D00ED183148ED0001937B19B4
:1012F000616C1B1812061A601A603800A3680A791C
:101300000968FFF74FFF52235022E35CA25A7D1970
:1013100012041B0213432A0038008027C8321360CE
:10132000B278F3780199D2B2DBB2FFF7E1FC636ADD
:10133000D8352B6063697A0290465A002569D21825
:10134000D200AA181000F378CC301B060193194F75
:101350000368BC463B40019FE1693B430360434651
:10136000C83213604B005B18DB00EB181F006146AE
:10137000CC37B5783A682D060A402A433A60F578AA
:101380001E00DC3632680C4FED033A402A433260CF
:1013900054215622615AA25C09041202C8330A433E
:1013A0001A6002B080BCB846F0BDC0465854022056
:1013B000D0100000FFFFFFE0FF7FF0FF437B10B580
:1013C000002B02D0FFF706FF10BDFFF77DFFFBE704
:1013D000F8B5DE4657464E464546AC4BE0B51B7861
:1013E000002B00D1BBE0AA4D2B78002B06D0AB7BA5
:1013F000002B03D0EB7B002B00D10AE1A54B9946D3
:10140000A54B9A463023EB5C002B1CD03E23EB5CB3
:10141000002B18D03F23EB5C002B14D12C00303470
:101420002000FFF7A7FC00280DD02000FFF7C6FF23
:101430003D23EB5C002B00D117E14B4651461A7857
:101440009648FFF7C5F82B78A846002B00D18CE012
:10145000AB7B0026002B00D1F8E04346DB7B002B62
:1014600011D0012E51D043463033984643461B7865
:10147000002B4AD043469B7B002B46D04346DB7B68
:101480000126002BEDD14046FFF798FFBC23844C8A
:101490005B01E71802E0BC34BC42E2D02378B342DF
:1014A000F9D1E388002BF6D00322237A1A40934621
:1014B000032A00D1C2E0637B002BECD0E37B002B3E
:1014C000E9D10121A378A173002B02D05823734ADC
:1014D000D1542379002B03D1E37A2D2B00D1D0E016
:1014E000237920005BB2002B00DAB4E0FFF73AFD6D
:1014F0005B46032B02D1637A013BA372A378002BD6
:1015000000D0ABE00023A373C5E72B78002B02D0FB
:10151000AB7B002B5CD03023EB5C002B03D03E2157
:101520006B5C002B30D06B69002B23D16B6C002BD4
:1015300026D15C4B5C4D1A6801321A601C68640548
:10154000600DA87000F0E2F8640FC000044352463A
:1015500004212800EC70FEF783F94B461870F0BCAC
:10156000BB46B246A946A046F8BD30239C46AC44D3
:10157000E0467BE70020FCF711FE6B6C002BD8D017
:101580000120FCF70BFED4E701200600D022323305
:10159000EB5C12069E40332453682C5D33400600FA
:1015A000A64052685C42634132405442624152005C
:1015B0001343013BDAB2012AB5D85A4253413D22C6
:1015C000AB543F236854E8546B6C03436B64AAE745
:1015D00001200200D021AB7809069A404B68EC78D4
:1015E0001A4053425A414B680100A1400B405942F6
:1015F0004B415B001343013BDAB2012A00D98AE771
:101600005A4253416B73A873E8736B6903436B6170
:1016100081E72800FFF7AEFB002800D1EEE62800A6
:10162000FFF7CCFE6B7B002B25D01A4B1A491B48C9
:101630001A7899468A46FEF7CBFFE3E6A37A002B99
:1016400000D138E7A37A013BA37224E730339C46EC
:10165000AC44E0460AE7FFF7EFFC49E758230021D6
:101660000E4AD154FFF70AFC4CE701220F490B4800
:10167000FEF7AEFFE7E601220C490848FEF7A8FF97
:10168000BCE62000FFF746FD38E7C046EA7A0220B4
:10169000E46D0220E37A02201873022058540220DD
:1016A0006456022014730220F03D002018540220DA
:1016B00010B5FFF78DFE012010BDC0464438002054
:1016C00005FF000000D7A27380F3A26B83F0000037
:1016D0005838002005FF000000C7A27380F3A26BFA
:1016E00083F000006C38002005FF000000CFA26BE3
:1016F00080EBA27383E800008038002005FF000023
:1017000000C7A26B80EBA27383E800001F2330B5F3
:101710001F2114255840C4074308E417054A2C40EC
:101720000B406340D35C800901404B40D05C1F23D9
:10173000584030BDB83A00200000C1C081C140010E
:1017400001C3C003800241C201C6C006800741C771
:101750000005C1C581C4400401CCC00C800D41CD41
:10176000000FC1CF81CE400E000AC1CA81CB400B11
:1017700001C9C009800841C801D8C018801941D9E1
:10178000001BC1DB81DA401A001EC1DE81DF401F71
:1017900001DDC01D801C41DC0014C1D481D5401581
:1017A00001D7C017801641D601D2C012801341D391
:1017B0000011C1D181D0401001F0C030803141F121
:1017C0000033C1F381F240320036C1F681F7403771
:1017D00001F5C035803441F4003CC1FC81FD403D41
:1017E00001FFC03F803E41FE01FAC03A803B41FB11
:1017F0000039C1F981F840380028C1E881E9402961
:1018000001EBC02B802A41EA01EEC02E802F41EF70
:10181000002DC1ED81EC402C01E4C024802541E580
:101820000027C1E781E640260022C1E281E3402390
:1018300001E1C021802041E001A0C060806141A1A0
:101840000063C1A381A240620066C1A681A7406770
:1018500001A5C065806441A4006CC1AC81AD406D40
:1018600001AFC06F806E41AE01AAC06A806B41AB10
:101870000069C1A981A840680078C1B881B94079E0
:1018800001BBC07B807A41BA01BEC07E807F41BF70
:10189000007DC1BD81BC407C01B4C074807541B580
:1018A0000077C1B781B640760072C1B281B3407390
:1018B00001B1C071807041B00050C1908191405120
:1018C0000193C053805241920196C0568057419770
:1018D0000055C19581944054019CC05C805D419D40
:1018E000005FC19F819E405E005AC19A819B405B10
:1018F0000199C059805841980188C0488049418960
:10190000004BC18B818A404A004EC18E818F404F6F
:10191000018DC04D804C418C0044C184818540457F
:101920000187C047804641860182C042804341838F
:101930000041C18181804040000B161D050E131827
:101940000A011C170F041912141F0209111A070C9F
:101950001E1508031B100D06F0B54746CE468846F7
:10196000140019001A0080B51F00042302269C46AB
:10197000002F32D000292ED0C3681E4219D00B0090
:10198000083393420FD8002A2CD10223C5682B427A
:1019900033D1002921D0C36800221E42FBD00B00A6
:1019A00008339342EFD943461B7801398360012302
:1019B0009844002AEDD06546C3681D4215D1002920
:1019C000DAD10421C3681942FCD08368013A23703C
:1019D000002A02D00134002AF3D13800C0BCB94635
:1019E000B046F0BDC3685B07C6D58368013A237073
:1019F00013000B43F1D00134BCE70D000835D2D100
:101A0000C4E7C0467047C04601B40248844601BCE2
:101A1000604700BF4986001001B40248844601BCFB
:101A2000604700BF6175001001B40248844601BCE4
:101A3000604700BF0786001001B40248844601BC1D
:101A4000604700BFA9CC001001B40248844601BC25
:101A5000604700BF355E001001B40248844601BCF7
:101A6000604700BFE5A7001001B40248844601BCEE
:101A7000604700BF1386001001B40248844601BCD1
:101A8000604700BF055E001001B40248844601BCF7
:101A9000604700BFA1C8001001B40248844601BCE1
:101AA000604700BF7175001001B40248844601BC54
:101AB000604700BFCD85001001B40248844601BCD8
:101AC000604700BF0D86001001B40248844601BC87
:101AD000604700BFF9CB001001B40248844601BC46
:101AE000604700BFA9A3001001B40248844601BCAE
:101AF000604700BF3B86001001B40248844601BC29
:101B0000604700BF595E001001B40248844601BC22
:101B1000604700BFCD6F001001B40248844601BC8D
:101B2000604700BF51CB001001B40248844601BC9D
:101B3000604700BFD974001001B40248844601BC5C
:101B4000604700BFC574001001B40248844601BC60
:101B5000604700BF9986001001B40248844601BC6A
:101B6000604700BFA9CA001001B40248844601BC06
:101B7000604700BF09C9001001B40248844601BC97
:101B8000604700BFE56A001001B40248844601BC0A
:101B9000604700BF616D001001B40248844601BC7B
:101BA000604700BFDDBF001001B40248844601BC9D
:101BB000604700BFF1C9001001B40248844601BC6F
:101BC000604700BFF587001001B40248844601BC9D
:101BD000604700BFAD76001001B40248844601BCE6
:101BE000604700BFE9870010FA0000000000010014
:101BF00002000100000000000001020000000000DF
:101C0000FFFF000010000000FFFFFFFFFFFFFF7F4E
:101C100000000000000000000000000000000000C4
:101C200000000000984400200000000000000000B8
:101C3000503300004C330000543300005233000096
:101C40004D5300004D430000533400004334000066
:101C5000344D002010000C000000000000000000C7
:101C6000000000000000000000000000FF00000075
:101C700080A50010FFFFFFFF000002000000000031
:101C80000000000000000000003E0020003E002098
:101C9000083E0020083E0020103E0020103E00209C
:101CA000183E0020183E0020203E0020203E00204C
:101CB000283E0020283E0020303E0020303E0020FC
:101CC000383E0020383E0020403E0020403E0020AC
:101CD000483E0020483E0020503E0020503E00205C
:101CE000583E0020583E0020603E0020603E00200C
:101CF000683E0020683E0020703E0020703E0020BC
:101D0000783E0020783E0020803E0020803E00206B
:101D1000883E0020883E0020903E0020903E00201B
:101D2000983E0020983E0020A03E0020A03E0020CB
:101D3000A83E0020A83E0020B03E0020B03E00207B
:101D4000B83E0020B83E0020C03E0020C03E00202B
:101D5000C83E0020C83E0020D03E0020D03E0020DB
:101D6000D83E0020D83E0020E03E0020E03E00208B
:101D7000E83E0020E83E0020F03E0020F03E00203B
:101D8000F83E0020F83E0020003F0020003F0020E9
:101D9000083F0020083F0020103F0020103F002097
:101DA000183F0020183F0020203F0020203F002047
:101DB000283F0020283F0020303F0020303F0020F7
:101DC000383F0020383F0020403F0020403F0020A7
:101DD000483F0020483F0020503F0020503F002057
:101DE000583F0020583F0020603F0020603F002007
:101DF000683F0020683F0020703F0020703F0020B7
:101E0000783F0020783F0020803F0020803F002066
:101E1000883F0020883F0020903F0020903F002016
:101E2000983F0020983F0020A03F0020A03F0020C6
:101E3000A83F0020A83F0020B03F0020B03F002076
:101E4000B83F0020B83F0020C03F0020C03F002026
:101E5000C83F0020C83F0020D03F0020D03F0020D6
:101E6000D83F0020D83F0020E03F0020E03F002086
:101E7000E83F0020E83F0020F03F0020F03F002036
:101E8000F83F0020F83F00200040002000400020E4
:101E90000840002008400020104000201040002092
:101EA0001840002018400020204000202040002042
:101EB00028400020284000203040002030400020F2
:101EC00038400020384000204040002040400020A2
:101ED0004840002048400020504000205040002052
:101EE0005840002058400020604000206040002002
:101EF00068400020684000207040002070400020B2
:101F00007840002078400020804000208040002061
:101F10008840002088400020904000209040002011
:101F20009840002098400020A0400020A0400020C1
:101F3000A8400020A8400020B0400020B040002071
:101F4000B8400020B8400020C0400020C040002021
:101F5000C8400020C8400020D0400020D0400020D1
:101F6000D8400020D8400020E0400020E040002081
:101F7000E8400020E8400020F0400020F040002031
:101F8000F8400020F84000200041002000410020DF
:101F9000084100200841002010410020104100208D
:101FA000184100201841002020410020204100203D
:101FB00028410020284100203041002030410020ED
:101FC000384100203841002040410020404100209D
:101FD000484100204841002050410020504100204D
:101FE00058410020584100206041002060410020FD
:101FF00068410020684100207041002070410020AD
:10200000784100207841002080410020804100205C
:10201000884100208841002090410020904100200C
:102020009841002098410020A0410020A0410020BC
:10203000A8410020A8410020B0410020B04100206C
:10204000B8410020B8410020C0410020C04100201C
:10205000C8410020C8410020D0410020D0410020CC
:10206000D8410020D8410020E0410020E04100207C
:10207000E8410020E8410020F0410020F04100202C
:10208000F8410020F841002010420020000000002C
:102090000000000068480020D04800203849002097
:1020A0000000000000000000000000000000000030
:1020B0000000000000000000000000000000000020
:1020C0000000000000000000000000000000000010
:1020D0000000000000000000000000000000000000
:1020E00000000000000000000000000000000000F0
:1020F00000000000000000000000000000000000E0
:1021000000000000000000000000000000000000CF
:1021100000000000000000000000000000000000BF
:1021200000000000000000000100000000000000AE
:102130000E33CDAB34126DE6ECDE05000B00000073
:10214000000000000000000000000000000000008F
:10215000000000000000000000000000000000007F
:10216000000000000000000000000000000000006F
:10217000000000000000000000000000000000005F
:10218000000000000000000000000000000000004F
:10219000000000000000000000000000000000003F
:1021A000000000000000000000000000000000002F
:1021B000000000000000000000000000000000001F
:1021C000000000000000000000000000000000000F
:1021D00000000000000000000000000000000000FF
:1021E00000000000000000000000000000000000EF
:1021F00000000000000000000000000000000000DF
:1022000000000000000000000000000000000000CE
:1022100000000000000000000000000000000000BE
:1022200000000000000000000000000000000000AE
:10223000000000000000000000000000000000009E
:10224000000000000000000000000000000000008E
:10225000000000000000000000000000000000007E
:10226000000000000000000000000000000000006E
:10227000000000000000000000000000000000005E
:10228000000000000000000000000000000000004E
:10229000000000000000000000000000000000003E
:04000005100001E9FD
:00000001FF
